{"css":"","framework":"duck-10.0.0","title":"Ayuda de Terminal","build_id":"5748ce5a094622ab1714cc6a","icon":"..\/SharedGlobalArt\/AppIconDefault_Terminal.png","sections":{"trml6dee242c":{"name":"Usar automatización y scripts","children":["apd53500956-7C5B-496B-A362-2845F2AAB4BC","apdD100908F-06B3-4E63-8A87-32E71241BAB4","apdC6C1077B-5D5D-4D35-9C19-60F2397B2369","apdD556274B-9CC9-4764-BBA8-87610A745747","trml1003","trml11513"]},"trml2a13d2ad":{"name":"Trabajar en ventanas de Terminal","children":["apd5265185D-F365-44CB-8B09-71A064A42125","apdB66B5242-0D18-49FC-9C47-A2498B7C91D5","apd3CF6FE02-3EC8-48F1-951F-866E52955FC8","apd1DBE647B-7E11-49DC-AA76-89AA7E53CE36","trml1001","trml106","trml15652"]},"trml2d2340ac":{"name":"Usar perfiles","children":["trmlbe278009","trml5856b1f2","trmlb20c7888","trml107","trml20912","trml15233","trml4299c696"]}},"birdseed_version":5,"toc":["trml11412","trml2a13d2ad","trml2d2340ac","trml6dee242c","trmlshtcts"],"locale":"es","version":"10.12","enable_tracking":false,"source_schema":"apd-schema","platform":"mac","build_date":"2016.05.27-16:40:33","landing":"trml35501","product":"terminal","urls":{},"copyright":"","show_previous_next":false,"topics":{"apd53500956-7C5B-496B-A362-2845F2AAB4BC":{"name":"Acerca de los scripts de shell","searchName":"Acerca de los scripts de shell"},"trmlbe278009":{"name":"Crear y gestionar perfiles"},"apdA3571AFE-48E3-4B52-BEC9-5D80327F2063":{"name":"Manipular variables NVRAM del firmware"},"apd7D247A89-3560-4C3B-A471-3E66FF607040":{"name":"Reiniciar ordenadores"},"trml15233":{"name":"Limitar el número de filas guardadas en una sesión","searchName":"Cambiar la cantidad de texto que se mantiene en una ventana de Terminal"},"trml35501":{"name":"Ayuda de Terminal","href":"trml35501.html","categories":["landing"]},"apd5265185D-F365-44CB-8B09-71A064A42125":{"name":"Acceder a la shell","searchName":"Acceder a la shell con la app Terminal"},"trmlb20c7888":{"name":"Abrir ventanas y pestañas","searchName":"Abrir ventanas y pestañas de Terminal"},"trml15226":{"name":"Cambiar el cursor","searchName":"Cambiar el cursor en Terminal"},"apdB66B5242-0D18-49FC-9C47-A2498B7C91D5":{"name":"Ejecutar comandos y herramientas"},"trml6909054d":{"name":"Introducir una contraseña en la ventana de Terminal","searchName":"Introducir una contraseña en Terminal"},"trml4299c696":{"name":"Importar y exportar perfiles","searchName":"Importar y exportar ajustes de Terminal"},"trmlc69728a5":{"name":"Permitir informes del ratón","searchName":"Activar “Informes del ratón” en Terminal"},"trmlkbrd":{"name":"Panel Teclado de las preferencias","searchName":"Panel Teclado de las preferencias de Perfiles en Terminal"},"trml20912":{"name":"Ajustar una alerta de audio o visual","searchName":"Ajustar una alerta de audio o visual en Terminal"},"trml15228":{"name":"Cambiar el título que se muestra en una ventana de Terminal"},"apdBC6514EB-E106-4415-94E6-E71192085BC5":{"name":"Ver el contenido de un archivo"},"apd1DBE647B-7E11-49DC-AA76-89AA7E53CE36":{"name":"Redireccionar la entrada y la salida"},"trml5856b1f2":{"name":"Especificar perfiles por omisión y de arranque"},"trml135fbc26":{"name":"Usar marcas y marcadores"},"apd8A205299-1C4C-4845-902A-6190E132B006":{"name":"Buscar texto en un archivo"},"trml11412":{"name":"Información de Terminal"},"trmld1f46097":{"name":"Mostrar u ocultar la pantalla alternativa"},"trmlshll":{"name":"Panel Shell de las preferencias","searchName":"Panel Shell de las preferencias de Perfiles en Terminal"},"trmlwindw":{"name":"Panel Ventana de las preferencias","searchName":"Panel Ventana de las preferencias de Perfiles en Terminal"},"trmltxt":{"name":"Panel Texto de las preferencias","searchName":"Panel Texto de las preferencias de Perfiles en Terminal"},"apdA49A1BB2-577E-4721-8F25-FFC0836F6997":{"name":"Editar listas de propiedades"},"trml103":{"name":"Visualizar caracteres de bit alto","searchName":"Visualizar caracteres de bit alto en Terminal"},"apdC6C1077B-5D5D-4D35-9C19-60F2397B2369":{"name":"Gestión de scripts con launchd"},"trml104":{"name":"Exportar ajustes de perfil","searchName":"Exportar ajustes de Terminal"},"apd382CC5FA-4F58-4449-B20A-41C53C006F8F":{"name":"Usar variables de entorno"},"trml106":{"name":"Arrastrar archivos a Terminal para especificar rutas"},"trml113":{"name":"Cambiar la shell por omisión","searchName":"Cambiar la shell por omisión en Terminal"},"trml107":{"name":"Cambiar el aspecto de las ventanas de Terminal"},"trmlstrtup":{"name":"Preferencias generales","searchName":"Panel General de las preferencias de Terminal"},"trml108":{"name":"Crear teclas de función personalizadas","searchName":"Crear teclas de función personalizadas en Terminal"},"trml109":{"name":"Impedir la detección no deseada de pulsaciones de tecla","searchName":"Impedir la detección no deseada de pulsaciones de tecla en Terminal"},"apdD556274B-9CC9-4764-BBA8-87610A745747":{"name":"Ejecutar un script de shell a horas específicas"},"trmlshtcts":{"name":"Funciones rápidas de teclado","searchName":"Terminal keyboard shortcuts"},"apd5B0B6259-A7D4-4435-947D-0DFF528912BA":{"name":"Comandos que requieren privilegios de administrador o raíz"},"trml11512":{"name":"Editar comandos utilizados previamente","searchName":"Editar los comandos utilizados recientemente en Terminal"},"apd3CF6FE02-3EC8-48F1-951F-866E52955FC8":{"name":"Especificar archivos y carpetas"},"trml1001":{"name":"Corregir errores de escritura","searchName":"Corregir errores de escritura en Terminal"},"trml11513":{"name":"Ejecutar scripts de AppleScript desde Terminal"},"apdDFB31307-3E90-432F-8AA7-7CBC05DB27F7":{"name":"Trasladar y copiar archivos"},"trml15652":{"name":"Usar grupos de ventanas","searchName":"Abrir un grupo de ventanas de Terminal automáticamente"},"trml1003":{"name":"Automatizar tareas con AppleScript"},"trmladvn":{"name":"Preferencias avanzadas","searchName":"Panel Avanzado de las preferencias de Perfiles en Terminal"},"trml35615":{"name":"Si Terminal emite un pitido mientras escribe"},"apd0445A31B-28D0-4AD2-BC19-ABF64F36446B":{"name":"Cambiar el disco de arranque de un ordenador remoto"},"trml1020":{"name":"Usar funciones de accesibilidad de OS X"},"trmlencd":{"name":"Panel Codificaciones de las preferencias","searchName":"Panel Codificaciones de las preferencias de Terminal"},"apdB02F1133-25AF-4C65-8976-159609F99817":{"name":"Editores de texto de línea de comandos","searchName":"Editores de texto de línea de comandos para OS X Server"},"apd9369B225-34E9-41B4-BC23-53C44B01BC07":{"name":"Apagar ordenadores"},"apdD100908F-06B3-4E63-8A87-32E71241BAB4":{"name":"Convertir un archivo en ejecutable"},"trmlwrkspc":{"name":"Panel “Grupos de ventanas” de las preferencias","searchName":"Panel “Grupos de ventanas” de las preferencias de Terminal"},"trml15220":{"name":"Activar codificaciones de caracteres internacionales","searchName":"Activar codificaciones de caracteres internacionales en Terminal"},"trml1031":{"name":"Crear pestañas en una ventana de Terminal"},"trml1018":{"name":"Conectarse a servidores","searchName":"Conectarse a servidores en Terminal"},"trml1032":{"name":"Activar codificaciones de caracteres internacionales","searchName":"Activar codificaciones de caracteres internacionales en Terminal"},"trml1019":{"name":"Copiar texto en una ventana de Terminal"},"apdFB88006C-67FB-4982-965E-2E1AF25CD739":{"name":"Acerca del uso interactivo de la línea de comandos"},"trml1034":{"name":"Importar un archivo de ajustes","searchName":"Importar un archivo de ajustes de Terminal"},"agi":{"name":"Usar funciones rápidas de Terminal","searchName":"Usar funciones rápidas de Terminal en OS X"},"trmltab":{"name":"Panel Pestaña de las preferencias","searchName":"Panel Pestaña de las preferencias de Perfiles en Terminal"},"apdC52250EE-4659-4751-9A3A-8B7988150530":{"name":"Comprimir y descomprimir archivos y carpetas"}},"copyright_text":"Copyright © 2016 Apple Inc. Todos los derechos reservados."}