{"css":"","framework":"duck-10.0.0","title":"Terminal Help","build_id":"5748ce69094622ab1714ccc5","icon":"..\/SharedGlobalArt\/AppIconDefault_Terminal.png","sections":{"trml6dee242c":{"name":"Automatisering en scripts gebruiken","children":["apd53500956-7C5B-496B-A362-2845F2AAB4BC","apdD100908F-06B3-4E63-8A87-32E71241BAB4","apdC6C1077B-5D5D-4D35-9C19-60F2397B2369","apdD556274B-9CC9-4764-BBA8-87610A745747","trml1003","trml11513"]},"trml2a13d2ad":{"name":"Werken in Terminal-vensters","children":["apd5265185D-F365-44CB-8B09-71A064A42125","apdB66B5242-0D18-49FC-9C47-A2498B7C91D5","apd3CF6FE02-3EC8-48F1-951F-866E52955FC8","apd1DBE647B-7E11-49DC-AA76-89AA7E53CE36","trml1001","trml106","trml15652"]},"trml2d2340ac":{"name":"Profielen gebruiken","children":["trmlbe278009","trml5856b1f2","trmlb20c7888","trml107","trml20912","trml15233","trml4299c696"]}},"birdseed_version":5,"toc":["trml11412","trml2a13d2ad","trml2d2340ac","trml6dee242c","trmlshtcts"],"locale":"nl","version":"10.12","enable_tracking":false,"source_schema":"apd-schema","platform":"mac","build_date":"2016.05.27-16:43:37","landing":"trml35501","product":"terminal","urls":{},"copyright":"","show_previous_next":false,"topics":{"apd53500956-7C5B-496B-A362-2845F2AAB4BC":{"name":"Informatie over shell-scripts","searchName":"Informatie over shell-scripts"},"trmlbe278009":{"name":"Profielen aanmaken en beheren"},"apdA3571AFE-48E3-4B52-BEC9-5D80327F2063":{"name":"Variabelen in het firmware-NVRAM bewerken"},"apd7D247A89-3560-4C3B-A471-3E66FF607040":{"name":"Computers opnieuw opstarten"},"trml15233":{"name":"Het aantal rijen beperken dat in een sessie wordt bewaard","searchName":"Instellen hoeveel rijen tekst in een Terminal-venster worden bewaard"},"trml35501":{"name":"Terminal Help","href":"trml35501.html","categories":["landing"]},"apd5265185D-F365-44CB-8B09-71A064A42125":{"name":"Toegang krijgen tot de shell","searchName":"Toegang krijgen tot de shell met het programma Terminal"},"trmlb20c7888":{"name":"Vensters en tabbladen openen","searchName":"Vensters en tabbladen in Terminal openen"},"trml15226":{"name":"De cursor wijzigen","searchName":"De cursor wijzigen in Terminal"},"apdB66B5242-0D18-49FC-9C47-A2498B7C91D5":{"name":"Commando's en tools uitvoeren"},"trml6909054d":{"name":"Een wachtwoord invoeren in het Terminal-venster","searchName":"Een wachtwoord invoeren in Terminal"},"trml4299c696":{"name":"Profielen importeren en exporteren","searchName":"Terminal-instellingen importeren en exporteren"},"trmlc69728a5":{"name":"Muisrapportage toestaan","searchName":"Muisrapportage inschakelen in Terminal"},"trmlkbrd":{"name":"Het voorkeurenpaneel 'Toetsenbord'","searchName":"Het paneel 'Toetsenbord' in het voorkeurenpaneel 'Profielen' in Terminal"},"trml20912":{"name":"Een geluidssignaal of visueel signaal instellen","searchName":"Een geluidssignaal of visueel signaal instellen in Terminal"},"trml15228":{"name":"De titel van een Terminal-venster wijzigen"},"apdBC6514EB-E106-4415-94E6-E71192085BC5":{"name":"Bestandsinhoud weergeven"},"apd1DBE647B-7E11-49DC-AA76-89AA7E53CE36":{"name":"Invoer en uitvoer omleiden"},"trml5856b1f2":{"name":"Standaard- en opstartprofielen opgeven"},"trml135fbc26":{"name":"Markeringen en bladwijzers gebruiken"},"apd8A205299-1C4C-4845-902A-6190E132B006":{"name":"Zoeken naar tekst in een bestand"},"trml11412":{"name":"Overzicht van Terminal"},"trmld1f46097":{"name":"Het andere scherm weergeven of verbergen"},"trmlshll":{"name":"Het voorkeurenpaneel 'Shell'","searchName":"Het paneel 'Shell' in het voorkeurenpaneel 'Profielen' in Terminal"},"trmlwindw":{"name":"Het voorkeurenpaneel 'Venster'","searchName":"Het paneel 'Venster' in het voorkeurenpaneel 'Profielen' in Terminal"},"trmltxt":{"name":"Het voorkeurenpaneel 'Tekst'","searchName":"Het paneel 'Tekst' in het voorkeurenpaneel 'Profielen' in Terminal"},"apdA49A1BB2-577E-4721-8F25-FFC0836F6997":{"name":"Eigenschappenlijsten wijzigen"},"trml103":{"name":"Tekens met een hoge bitwaarde weergeven","searchName":"Tekens met een hoge bitwaarde weergeven in Terminal"},"apdC6C1077B-5D5D-4D35-9C19-60F2397B2369":{"name":"Scriptbeheer met 'launchd'"},"trml104":{"name":"Profielinstellingen exporteren","searchName":"Terminal-instellingen exporteren"},"apd382CC5FA-4F58-4449-B20A-41C53C006F8F":{"name":"Omgevingsvariabelen gebruiken"},"trml106":{"name":"Bestanden naar Terminal slepen om paden op te geven"},"trml113":{"name":"De standaardshell wijzigen","searchName":"De standaardshell wijzigen in Terminal"},"trml107":{"name":"De weergave van Terminal-vensters wijzigen"},"trmlstrtup":{"name":"Het voorkeurenpaneel 'Algemeen'","searchName":"Het voorkeurenpaneel 'Algemeen' in Terminal"},"trml108":{"name":"Aangepaste functietoetsen instellen","searchName":"Aangepaste functietoetsen instellen in Terminal"},"trml109":{"name":"Ongewenste detectie van toetsaanslagen voorkomen","searchName":"Ongewenste detectie van toetsaanslagen voorkomen in Terminal"},"apdD556274B-9CC9-4764-BBA8-87610A745747":{"name":"Een shell-script op bepaalde tijden uitvoeren"},"trmlshtcts":{"name":"Toetscombinaties","searchName":"Terminal keyboard shortcuts"},"apd5B0B6259-A7D4-4435-947D-0DFF528912BA":{"name":"Commando's waarvoor root- of beheerdersbevoegdheden nodig zijn"},"trml11512":{"name":"Eerder gebruikte commando's wijzigen","searchName":"Recentelijk gebruikte commando's wijzigen in Terminal"},"apd3CF6FE02-3EC8-48F1-951F-866E52955FC8":{"name":"Bestanden en mappen opgeven"},"trml1001":{"name":"Typefouten corrigeren","searchName":"Typefouten corrigeren in Terminal"},"trml11513":{"name":"AppleScript-scripts uitvoeren vanuit Terminal"},"apdDFB31307-3E90-432F-8AA7-7CBC05DB27F7":{"name":"Bestanden verplaatsen en kopiëren"},"trml15652":{"name":"Venstergroepen gebruiken","searchName":"Een groep Terminal-vensters automatisch openen"},"trml1003":{"name":"Taken automatiseren met AppleScript"},"trmladvn":{"name":"Het voorkeurenpaneel 'Geavanceerd'","searchName":"Het paneel 'Geavanceerd' in het voorkeurenpaneel 'Profielen' in Terminal"},"trml35615":{"name":"Terminal laat pieptonen horen terwijl u typt"},"apd0445A31B-28D0-4AD2-BC19-ABF64F36446B":{"name":"De opstartschijf van een externe computer wijzigen"},"trml1020":{"name":"Toegankelijkheidsvoorzieningen in OS X gebruiken"},"trmlencd":{"name":"Het voorkeurenpaneel 'Coderingen'","searchName":"Het voorkeurenpaneel 'Coderingen' in Terminal"},"apdB02F1133-25AF-4C65-8976-159609F99817":{"name":"Commandoregel-teksteditors","searchName":"Commandoregel-teksteditors voor OS X Server"},"apd9369B225-34E9-41B4-BC23-53C44B01BC07":{"name":"Computers uitschakelen"},"apdD100908F-06B3-4E63-8A87-32E71241BAB4":{"name":"Een bestand uitvoerbaar maken"},"trmlwrkspc":{"name":"Het voorkeurenpaneel 'Venstergroepen'","searchName":"Het voorkeurenpaneel 'Venstergroepen' in Terminal"},"trml15220":{"name":"Internationale tekencoderingen inschakelen","searchName":"Internationale tekencoderingen inschakelen in Terminal"},"trml1031":{"name":"Tabbladen in een Terminal-venster aanmaken"},"trml1018":{"name":"Verbinding maken met servers","searchName":"Verbinding maken met servers in Terminal"},"trml1032":{"name":"Internationale tekencoderingen activeren","searchName":"Internationale tekencoderingen activeren in Terminal"},"trml1019":{"name":"Tekst kopiëren naar een Terminal-venster"},"apdFB88006C-67FB-4982-965E-2E1AF25CD739":{"name":"Informatie over het interactief gebruiken van de commandoregel"},"trml1034":{"name":"Een instellingenbestand importeren","searchName":"Terminal-instellingenbestand importeren"},"agi":{"name":"Snelkoppelingen van Terminal gebruiken","searchName":"Snelkoppelingen van Terminal gebruiken in OS X"},"trmltab":{"name":"Het voorkeurenpaneel 'Tab'","searchName":"Het paneel 'Tab' in het voorkeurenpaneel 'Profielen' in Terminal"},"apdC52250EE-4659-4751-9A3A-8B7988150530":{"name":"Bestandsarchieven comprimeren en decomprimeren"}},"copyright_text":"Copyright © 2016 Apple Inc. Alle rechten voorbehouden."}