{"css":"","framework":"duck-10.0.0","title":"Ajuda do Terminal","build_id":"5748ce67094622ab1714ccb7","icon":"..\/SharedGlobalArt\/AppIconDefault_Terminal.png","sections":{"trml6dee242c":{"name":"Utilizar a automatização e scripts","children":["apd53500956-7C5B-496B-A362-2845F2AAB4BC","apdD100908F-06B3-4E63-8A87-32E71241BAB4","apdC6C1077B-5D5D-4D35-9C19-60F2397B2369","apdD556274B-9CC9-4764-BBA8-87610A745747","trml1003","trml11513"]},"trml2a13d2ad":{"name":"Trabalhar em janelas do Terminal","children":["apd5265185D-F365-44CB-8B09-71A064A42125","apdB66B5242-0D18-49FC-9C47-A2498B7C91D5","apd3CF6FE02-3EC8-48F1-951F-866E52955FC8","apd1DBE647B-7E11-49DC-AA76-89AA7E53CE36","trml1001","trml106","trml15652"]},"trml2d2340ac":{"name":"Usar perfis","children":["trmlbe278009","trml5856b1f2","trmlb20c7888","trml107","trml20912","trml15233","trml4299c696"]}},"birdseed_version":5,"toc":["trml11412","trml2a13d2ad","trml2d2340ac","trml6dee242c","trmlshtcts"],"locale":"pt-pt","version":"10.12","enable_tracking":false,"source_schema":"apd-schema","platform":"mac","build_date":"2016.05.27-16:40:34","landing":"trml35501","product":"terminal","urls":{},"copyright":"","show_previous_next":false,"topics":{"apd53500956-7C5B-496B-A362-2845F2AAB4BC":{"name":"Acerca de scripts da shell","searchName":"Acerca de scripts da shell"},"trmlbe278009":{"name":"Criar e gerir perfis"},"apdA3571AFE-48E3-4B52-BEC9-5D80327F2063":{"name":"Manipular variáveis NVRAM do firmware"},"apd7D247A89-3560-4C3B-A471-3E66FF607040":{"name":"Reiniciar computadores"},"trml15233":{"name":"Limitar o número de linhas conservadas numa sessão","searchName":"Modificar a quantidade de texto conservado numa janela do Terminal"},"trml35501":{"name":"Ajuda do Terminal","href":"trml35501.html","categories":["landing"]},"apd5265185D-F365-44CB-8B09-71A064A42125":{"name":"Aceder à shell","searchName":"Aceder à shell com a aplicação Terminal"},"trmlb20c7888":{"name":"Abrir janelas e separadores","searchName":"Abrir janelas e separadores do terminal"},"trml15226":{"name":"Alterar o cursor","searchName":"Alterar o cursor no Terminal"},"apdB66B5242-0D18-49FC-9C47-A2498B7C91D5":{"name":"Executar comandos e ferramentas"},"trml6909054d":{"name":"Digitar uma palavra-passe na janela do Terminal","searchName":"Digitar uma palavra-passe no Terminar"},"trml4299c696":{"name":"Importar e exportar perfis","searchName":"Importar e exportar definições do Terminal"},"trmlc69728a5":{"name":"Permitir relatórios do rato","searchName":"Ativar relatórios do rato no Terminal"},"trmlkbrd":{"name":"Painel de preferências Teclado","searchName":"Painel Teclado do painel de preferências Perfis no Terminal"},"trml20912":{"name":"Definir um alerta sonoro ou visual","searchName":"Definir um alerta sonoro ou visual no Terminal"},"trml15228":{"name":"Alterar o título apresentado numa janela do Terminal"},"apdBC6514EB-E106-4415-94E6-E71192085BC5":{"name":"Visualizar conteúdo de ficheiros"},"apd1DBE647B-7E11-49DC-AA76-89AA7E53CE36":{"name":"Redirecionar entrada e saída"},"trml5856b1f2":{"name":"Especificar perfis predefinidos e de arranque"},"trml135fbc26":{"name":"Usar marcas e marcadores"},"apd8A205299-1C4C-4845-902A-6190E132B006":{"name":"Pesquisar texto num ficheiro"},"trml11412":{"name":"Visão geral do Terminal"},"trmld1f46097":{"name":"Mostrar ou ocultar o ecrã alternativo"},"trmlshll":{"name":"Painel de preferências Shell","searchName":"Painel Shell do painel de preferências Perfis no Terminal"},"trmlwindw":{"name":"Painel de preferências Janela","searchName":"Painel Janela do painel de preferências Perfis no Terminal"},"trmltxt":{"name":"Preferências de texto","searchName":"Painel Texto do painel de preferências Perfis no Terminal"},"apdA49A1BB2-577E-4721-8F25-FFC0836F6997":{"name":"Editar listas de propriedades"},"trml103":{"name":"Apresentar caracteres high-bit","searchName":"Apresentar caracteres high-bit no Terminal"},"apdC6C1077B-5D5D-4D35-9C19-60F2397B2369":{"name":"Gestão de scripts com launchd"},"trml104":{"name":"Exportar definições do perfil","searchName":"Exportar definições do Terminal"},"apd382CC5FA-4F58-4449-B20A-41C53C006F8F":{"name":"Usar variáveis de ambiente"},"trml106":{"name":"Arrastar ficheiros para o Terminal para especificar caminhos"},"trml113":{"name":"Alterar a shell predefinida","searchName":"Alterar a shell predefinida no Terminal"},"trml107":{"name":"Mudar o aspeto das janelas do Terminal"},"trmlstrtup":{"name":"Painel de preferências Geral","searchName":"Painel de preferências Geral no Terminal"},"trml108":{"name":"Criar teclas de função personalizadas","searchName":"Criar teclas de função personalizadas no Terminal"},"trml109":{"name":"Impedir a deteção acidental de combinações de teclas","searchName":"Impedir a deteção acidental de combinações de teclas no Terminal"},"apdD556274B-9CC9-4764-BBA8-87610A745747":{"name":"Executar um script da shell a horas específicas"},"trmlshtcts":{"name":"Atalhos de teclado","searchName":"Terminal keyboard shortcuts"},"apd5B0B6259-A7D4-4435-947D-0DFF528912BA":{"name":"Comandos que requerem privilégios de root ou administrador"},"trml11512":{"name":"Editar comandos utilizados anteriormente","searchName":"Editar comandos recentemente utilizados no Terminal"},"apd3CF6FE02-3EC8-48F1-951F-866E52955FC8":{"name":"Especificar ficheiros e pastas"},"trml1001":{"name":"Corrigir erros de digitação","searchName":"Corrigir erros de digitação no Terminal"},"trml11513":{"name":"Executar scripts de AppleScript no Terminal"},"apdDFB31307-3E90-432F-8AA7-7CBC05DB27F7":{"name":"Mover e copiar ficheiros"},"trml15652":{"name":"Usar grupos de janelas","searchName":"Abrir um grupo de janelas do Terminal automaticamente"},"trml1003":{"name":"Automatizar tarefas utilizando o AppleScript"},"trmladvn":{"name":"Preferências avançadas","searchName":"Painel Avançadas do painel de preferências Perfis no Terminal"},"trml35615":{"name":"Se o Terminal emitir sons à medida que digita"},"apd0445A31B-28D0-4AD2-BC19-ABF64F36446B":{"name":"Alterar o disco de arranque de um computador remoto"},"trml1020":{"name":"Usar funcionalidades de acessibilidade do OS X"},"trmlencd":{"name":"Painel de preferências Codificações","searchName":"Painel de preferências Codificações no Terminal"},"apdB02F1133-25AF-4C65-8976-159609F99817":{"name":"Editores de texto da linha de comandos","searchName":"Editores de texto da linha de comandos para o OS X Server"},"apd9369B225-34E9-41B4-BC23-53C44B01BC07":{"name":"Desligar computadores"},"apdD100908F-06B3-4E63-8A87-32E71241BAB4":{"name":"Tornar um ficheiro executável"},"trmlwrkspc":{"name":"Painel de preferências “Grupos de janelas”","searchName":"Painel de preferências “Grupos de janelas” no Terminal"},"trml15220":{"name":"Permitir as codificações de caracteres internacionais","searchName":"Ativar as codificações de caracteres internacionais no Terminal"},"trml1031":{"name":"Criar separadores em janelas do Terminal"},"trml1018":{"name":"Estabelecer ligação a servidores","searchName":"Estabelecer ligação a servidores no Terminal"},"trml1032":{"name":"Ativar as codificações de caracteres internacionais","searchName":"Ativar as codificações de caracteres internacionais no Terminal"},"trml1019":{"name":"Copiar texto para uma janela do Terminal"},"apdFB88006C-67FB-4982-965E-2E1AF25CD739":{"name":"Acerca da utilização da linha de comandos interativamente"},"trml1034":{"name":"Importar um ficheiro de definições","searchName":"Importar um ficheiro de definições do Terminal"},"agi":{"name":"Usar atalhos do Terminal","searchName":"Usar atalhos do Terminal no OS X"},"trmltab":{"name":"Painel de preferências Separador","searchName":"Painel Separador do painel de preferências Perfis no Terminal"},"apdC52250EE-4659-4751-9A3A-8B7988150530":{"name":"Comprimir e descomprimir arquivos"}},"copyright_text":"Copyright © 2016 Apple Inc. Todos os direitos reservados."}