{"css":"","framework":"duck-10.0.0","title":"Довідка Термінала","build_id":"5748ce4d094622ab1714cc24","icon":"..\/SharedGlobalArt\/AppIconDefault_Terminal.png","sections":{"trml6dee242c":{"name":"Використання автоматизації та скриптів","children":["apd53500956-7C5B-496B-A362-2845F2AAB4BC","apdD100908F-06B3-4E63-8A87-32E71241BAB4","apdC6C1077B-5D5D-4D35-9C19-60F2397B2369","apdD556274B-9CC9-4764-BBA8-87610A745747","trml1003","trml11513"]},"trml2a13d2ad":{"name":"Робота у вікнах Термінала","children":["apd5265185D-F365-44CB-8B09-71A064A42125","apdB66B5242-0D18-49FC-9C47-A2498B7C91D5","apd3CF6FE02-3EC8-48F1-951F-866E52955FC8","apd1DBE647B-7E11-49DC-AA76-89AA7E53CE36","trml1001","trml106","trml15652"]},"trml2d2340ac":{"name":"Використання профайлів","children":["trmlbe278009","trml5856b1f2","trmlb20c7888","trml107","trml20912","trml15233","trml4299c696"]}},"birdseed_version":5,"toc":["trml11412","trml2a13d2ad","trml2d2340ac","trml6dee242c","trmlshtcts"],"locale":"uk","version":"10.12","enable_tracking":false,"source_schema":"apd-schema","platform":"mac","build_date":"2016.05.27-16:33:43","landing":"trml35501","product":"terminal","urls":{},"copyright":"","show_previous_next":false,"topics":{"apd53500956-7C5B-496B-A362-2845F2AAB4BC":{"name":"Про скрипти командного процесора","searchName":"Про скрипти командного процесора"},"trmlbe278009":{"name":"Створення і керування профайлами"},"apdA3571AFE-48E3-4B52-BEC9-5D80327F2063":{"name":"Керування змінними NVRAM вбудованої мікропрограми"},"apd7D247A89-3560-4C3B-A471-3E66FF607040":{"name":"Перезапускання комп’ютерів"},"trml15233":{"name":"Обмеження кількості рядків, що зберігаються за сеанс","searchName":"Змінення обсягу тексту, що зберігається у вікні Термінала"},"trml35501":{"name":"Довідка Термінала","href":"trml35501.html","categories":["landing"]},"apd5265185D-F365-44CB-8B09-71A064A42125":{"name":"Доступ до командного процесора","searchName":"Доступ до командного процесора за допомогою програми Термінал"},"trmlb20c7888":{"name":"Відкривання вікон і вкладок","searchName":"Відкривання вікон і вкладок Термінала"},"trml15226":{"name":"Змінення курсора","searchName":"Змінення курсора в Терміналі"},"apdB66B5242-0D18-49FC-9C47-A2498B7C91D5":{"name":"Виконання команд і запуск інструментів"},"trml6909054d":{"name":"Введення пароля у вікні Термінала","searchName":"Введіть пароль у Терміналі."},"trml4299c696":{"name":"Імпортування й експортування профайлів","searchName":"Імпортування та експортування параметрів Термінала"},"trmlc69728a5":{"name":"Дозволити звітування мишкою","searchName":"Увімкнення звітування мишкою в Терміналі"},"trmlkbrd":{"name":"Параметри клавіатури","searchName":"Панель «Клавіатура» в параметрах профайлів у Терміналі"},"trml20912":{"name":"Задання звукового або візуального попередження","searchName":"Задання звукового або візуального попередження в Терміналі"},"trml15228":{"name":"Змінення заголовка у вікні Термінала"},"apdBC6514EB-E106-4415-94E6-E71192085BC5":{"name":"Перегляд вмісту файла"},"apd1DBE647B-7E11-49DC-AA76-89AA7E53CE36":{"name":"Перенаправлення введення і виведення"},"trml5856b1f2":{"name":"Визначення стандартного і початкового профайлів"},"trml135fbc26":{"name":"Використання позначок і закладок"},"apd8A205299-1C4C-4845-902A-6190E132B006":{"name":"Пошук тексту у файлі"},"trml11412":{"name":"Огляд Термінала"},"trmld1f46097":{"name":"Показати або сховати альтернативний екран"},"trmlshll":{"name":"Параметри командного процесора","searchName":"Панель «Командний процесор» в параметрах профайлів у Терміналі"},"trmlwindw":{"name":"Параметри вікна","searchName":"Панель «Вікно» в параметрах профайлів у Терміналі"},"trmltxt":{"name":"Параметри тексту","searchName":"Панель «Текст» в параметрах профайлів у Терміналі"},"apdA49A1BB2-577E-4721-8F25-FFC0836F6997":{"name":"Редагування списків властивостей"},"trml103":{"name":"Відображення символів із високорозрядними бітами","searchName":"Відображення символів із високорозрядними бітами в Терміналі"},"apdC6C1077B-5D5D-4D35-9C19-60F2397B2369":{"name":"Керування скриптами за допомогою launchd"},"trml104":{"name":"Експортування параметрів профайла","searchName":"Експортування параметрів Термінала"},"apd382CC5FA-4F58-4449-B20A-41C53C006F8F":{"name":"Використання змінних середовища"},"trml106":{"name":"Перетягування файлів до Термінала для визначення шляхів"},"trml113":{"name":"Змінення стандартного командного процесора","searchName":"Змінення стандартного командного процесора в Терміналі"},"trml107":{"name":"Змінення загального вигляду вікон Термінала"},"trmlstrtup":{"name":"Панель параметрів «Загальні»","searchName":"Загальні параметри у Терміналі"},"trml108":{"name":"Створення власних функціональних клавіш","searchName":"Створення власних функціональних клавіш для Термінала"},"trml109":{"name":"Запобігання небажаному розпізнаванню натискання клавіш","searchName":"Запобігання небажаному розпізнаванню натискання клавіш у Терміналі"},"apdD556274B-9CC9-4764-BBA8-87610A745747":{"name":"Запуск скрипта командного процесора у визначений час"},"trmlshtcts":{"name":"Клавіатурні скорочення","searchName":"Terminal keyboard shortcuts"},"apd5B0B6259-A7D4-4435-947D-0DFF528912BA":{"name":"Команди, для яких потрібно мати привілеї адміністратора або привілейованого користувача"},"trml11512":{"name":"Редагування останніх використаних команд","searchName":"Редагування останніх використаних команд у Терміналі"},"apd3CF6FE02-3EC8-48F1-951F-866E52955FC8":{"name":"Визначення файлів і папок"},"trml1001":{"name":"Виправлення помилок введення з клавіатури","searchName":"Виправлення помилок введення з клавіатури в Терміналі"},"trml11513":{"name":"Виконання скриптів AppleScript із Термінала"},"apdDFB31307-3E90-432F-8AA7-7CBC05DB27F7":{"name":"Перенесення і копіювання файлів"},"trml15652":{"name":"Використання груп вікон","searchName":"Автоматичне відкривання групи вікон Термінала"},"trml1003":{"name":"Автоматизація завдань за допомогою AppleScript"},"trmladvn":{"name":"Експертні параметри","searchName":"Панель «Експертні» в параметрах профайлів у Терміналі"},"trml35615":{"name":"Якщо Термінал подає звукові сигнали під час введення"},"apd0445A31B-28D0-4AD2-BC19-ABF64F36446B":{"name":"Змінення стартового диска віддаленого комп’ютера"},"trml1020":{"name":"Використання спеціальних можливостей OS X"},"trmlencd":{"name":"Параметри кодування","searchName":"Загальні кодування у Терміналі"},"apdB02F1133-25AF-4C65-8976-159609F99817":{"name":"Текстові редактори командного рядка","searchName":"Текстові редактори командного рядка для OS X Server"},"apd9369B225-34E9-41B4-BC23-53C44B01BC07":{"name":"Вимикання комп’ютерів"},"apdD100908F-06B3-4E63-8A87-32E71241BAB4":{"name":"Перетворення файла на виконуваний"},"trmlwrkspc":{"name":"Параметри груп вікон","searchName":"Параметри груп вікон у Терміналі"},"trml15220":{"name":"Увімкнення міжнародних кодувань символів","searchName":"Увімкнення міжнародних кодувань символів у Терміналі"},"trml1031":{"name":"Створення вкладок у вікні Термінала"},"trml1018":{"name":"Під’єднання до серверів","searchName":"Під’єднання до серверів у Терміналі"},"trml1032":{"name":"Активація міжнародних кодувань символів","searchName":"Активація міжнародних кодувань символів у Терміналі"},"trml1019":{"name":"Копіювання тексту у вікно Термінала"},"apdFB88006C-67FB-4982-965E-2E1AF25CD739":{"name":"Про інтерактивне використання командного рядка"},"trml1034":{"name":"Імпортування файла параметрів","searchName":"Імпортування файла параметрів Термінала"},"agi":{"name":"Використання скорочень Терміналу","searchName":"Використання скорочень Терміналу в OS X"},"trmltab":{"name":"Параметри вкладки","searchName":"Панель «Вкладка» в параметрах профайлів у Терміналі"},"apdC52250EE-4659-4751-9A3A-8B7988150530":{"name":"Стискання або розтискання файлових архівів"}},"copyright_text":"© 2016, Apple Inc. Всі права захищені."}