{"css":"","framework":"duck-10.0.0","title":"Terminal Yardım","build_id":"5748ce5b094622ab1714cc71","icon":"..\/SharedGlobalArt\/AppIconDefault_Terminal.png","sections":{"trml6dee242c":{"name":"Otomasyon ve betikleri kullanma","children":["apd53500956-7C5B-496B-A362-2845F2AAB4BC","apdD100908F-06B3-4E63-8A87-32E71241BAB4","apdC6C1077B-5D5D-4D35-9C19-60F2397B2369","apdD556274B-9CC9-4764-BBA8-87610A745747","trml1003","trml11513"]},"trml2a13d2ad":{"name":"Terminal pencerelerinde çalışma","children":["apd5265185D-F365-44CB-8B09-71A064A42125","apdB66B5242-0D18-49FC-9C47-A2498B7C91D5","apd3CF6FE02-3EC8-48F1-951F-866E52955FC8","apd1DBE647B-7E11-49DC-AA76-89AA7E53CE36","trml1001","trml106","trml15652"]},"trml2d2340ac":{"name":"Profilleri kullanma","children":["trmlbe278009","trml5856b1f2","trmlb20c7888","trml107","trml20912","trml15233","trml4299c696"]}},"birdseed_version":5,"toc":["trml11412","trml2a13d2ad","trml2d2340ac","trml6dee242c","trmlshtcts"],"locale":"tr","version":"10.12","enable_tracking":false,"source_schema":"apd-schema","platform":"mac","build_date":"2016.05.27-16:33:51","landing":"trml35501","product":"terminal","urls":{},"copyright":"","show_previous_next":false,"topics":{"apd53500956-7C5B-496B-A362-2845F2AAB4BC":{"name":"Kabuk betikleri hakkında","searchName":"Kabuk betikleri hakkında"},"trmlbe278009":{"name":"Profil yaratma ve profilleri yönetme"},"apdA3571AFE-48E3-4B52-BEC9-5D80327F2063":{"name":"Firmware NVRAM değişkenlerini yönetme"},"apd7D247A89-3560-4C3B-A471-3E66FF607040":{"name":"Bilgisayarları yeniden başlatma"},"trml15233":{"name":"Oturumda tutulan satır sayısını sınırlama","searchName":"Terminal penceresinde tutulan metin miktarını değiştirin"},"trml35501":{"name":"Terminal Yardım","href":"trml35501.html","categories":["landing"]},"apd5265185D-F365-44CB-8B09-71A064A42125":{"name":"Kabuğa erişme","searchName":"Terminal uygulamasıyla kabuğa erişme"},"trmlb20c7888":{"name":"Pencereleri ve sekmeleri açma","searchName":"Terminal pencerelerini ve sekmelerini açma"},"trml15226":{"name":"İmleci değiştirme","searchName":"Terminal'de imleci değiştirin"},"apdB66B5242-0D18-49FC-9C47-A2498B7C91D5":{"name":"Komut yürütme ve araç çalıştırma"},"trml6909054d":{"name":"Terminal penceresine bir parola girin","searchName":"Terminal'de bir parola girin"},"trml4299c696":{"name":"Profilleri içe ve dışa aktarma","searchName":"Terminal ayarlarını içe ve dışa aktarma"},"trmlc69728a5":{"name":"Fare olaylarının bildirimine izin verme","searchName":"Terminal'de Fare İşlemleri'ni açma"},"trmlkbrd":{"name":"Klavye tercihleri","searchName":"Terminal’de Profiller tercihlerinin Klavye bölümü"},"trml20912":{"name":"Sesli veya görsel uyarı ayarlama","searchName":"Terminal'de sesli veya görsel uyarı ayarlayın"},"trml15228":{"name":"Terminal penceresinde gösterilen başlığı değiştirme"},"apdBC6514EB-E106-4415-94E6-E71192085BC5":{"name":"Dosya içeriklerini görüntüleme"},"apd1DBE647B-7E11-49DC-AA76-89AA7E53CE36":{"name":"Giriş ve çıkışı yönlendirme"},"trml5856b1f2":{"name":"Saptanmış profilleri ve başlangıç profillerini belirtme"},"trml135fbc26":{"name":"İşaretleri ve yer işaretlerini kullanma"},"apd8A205299-1C4C-4845-902A-6190E132B006":{"name":"Bir dosyada metin arama"},"trml11412":{"name":"Terminal'e genel bakış"},"trmld1f46097":{"name":"İkinci ekranı görüntüleme veya gizleme"},"trmlshll":{"name":"Kabuk tercihleri","searchName":"Terminal’de Profiller tercihlerinin Kabuk bölümü"},"trmlwindw":{"name":"Pencere tercihleri","searchName":"Terminal’de Profiller tercihlerinin Pencere bölümü"},"trmltxt":{"name":"Metin tercihleri","searchName":"Terminal'de Profiller tercihlerinin Metin bölümü"},"apdA49A1BB2-577E-4721-8F25-FFC0836F6997":{"name":"Özellik listelerini düzenleme"},"trml103":{"name":"Yüksek bit karakterleri görüntüleme","searchName":"Terminal'de yüksek bit karakterleri görüntüleyin"},"apdC6C1077B-5D5D-4D35-9C19-60F2397B2369":{"name":"launchd ile betik yönetimi"},"trml104":{"name":"Profil ayarlarını dışa aktarma","searchName":"Terminal ayarlarını dışa aktarın"},"apd382CC5FA-4F58-4449-B20A-41C53C006F8F":{"name":"Ortam değişkenlerini kullanma"},"trml106":{"name":"Yolları belirlemek için dosyaları Terminal'e sürükleme"},"trml113":{"name":"Saptanmış kabuğu değiştirme","searchName":"Terminal’de saptanmış kabuğu değiştirme"},"trml107":{"name":"Terminal pencerelerinin görünüşünü değiştirme"},"trmlstrtup":{"name":"Genel tercihler","searchName":"Terminal’in Genel tercihleri"},"trml108":{"name":"Özel işlev tuşları yaratma","searchName":"Terminal içinde özel işlev tuşları yaratın"},"trml109":{"name":"Tuş vuruşlarının istenmediğinde algılanmasını engelleme","searchName":"Terminal'de tuş vuruşlarının istenmediğinde algılanmasını engelleyin"},"apdD556274B-9CC9-4764-BBA8-87610A745747":{"name":"Belirli zamanlarda kabuk betiği çalıştırma"},"trmlshtcts":{"name":"Klavye kestirmeleri","searchName":"Terminal keyboard shortcuts"},"apd5B0B6259-A7D4-4435-947D-0DFF528912BA":{"name":"Kök veya yönetici ayrıcalıkları gerektiren komutlar"},"trml11512":{"name":"Daha önce kullanılan komutları düzenleme","searchName":"Terminal'de yakın zamanda kullanılan komutları düzenleyin"},"apd3CF6FE02-3EC8-48F1-951F-866E52955FC8":{"name":"Dosyaları ve klasörleri belirtme"},"trml1001":{"name":"Yazım hatalarını düzeltme","searchName":"Terminal'de yazım hatalarını düzeltin"},"trml11513":{"name":"Terminal'de AppleScript betiklerini çalıştırma"},"apdDFB31307-3E90-432F-8AA7-7CBC05DB27F7":{"name":"Dosyaları taşıma ve kopyalama"},"trml15652":{"name":"Pencere gruplarını kullanma","searchName":"Terminal pencereleri grubunu otomatik olarak açın"},"trml1003":{"name":"AppleScript kullanarak görevleri otomatikleştirme"},"trmladvn":{"name":"İleri Düzey tercihler","searchName":"Terminal’de Profiller tercihlerinin İleri Düzey bölümü"},"trml35615":{"name":"Yazdığınız sırada Terminal ses çıkarırsa"},"apd0445A31B-28D0-4AD2-BC19-ABF64F36446B":{"name":"Uzak bilgisayarın başlangıç diskini değiştirme"},"trml1020":{"name":"OS X erişilebilirlik özelliklerini kullanma"},"trmlencd":{"name":"Kodlamalar tercihleri","searchName":"Terminal’de Kodlamalar tercihleri"},"apdB02F1133-25AF-4C65-8976-159609F99817":{"name":"Komut satırı metin düzenleyicileri","searchName":"OS X Server için komut satırı metin düzenleyicileri"},"apd9369B225-34E9-41B4-BC23-53C44B01BC07":{"name":"Bilgisayarları kapatma"},"apdD100908F-06B3-4E63-8A87-32E71241BAB4":{"name":"Dosyayı çalıştırılabilir yapma"},"trmlwrkspc":{"name":"Pencere Grupları tercihleri","searchName":"Terminal’de Pencere Grupları tercihleri"},"trml15220":{"name":"Uluslararası karakter kodlamalarını etkinleştirme","searchName":"Terminal'de uluslararası karakter kodlamalarını etkinleştirin"},"trml1031":{"name":"Terminal penceresinde sekmeler yaratma"},"trml1018":{"name":"Sunuculara bağlanma","searchName":"Terminal'de sunuculara bağlanın"},"trml1032":{"name":"Uluslararası karakter kodlamalarını etkinleştirme","searchName":"Terminal'de uluslararası karakter kodlamalarını etkinleştirin"},"trml1019":{"name":"Terminal penceresine metin kopyalama"},"apdFB88006C-67FB-4982-965E-2E1AF25CD739":{"name":"Komut satırını etkileşimli şekilde kullanmak hakkında"},"trml1034":{"name":"Ayarlar dosyasını içe aktarma","searchName":"Terminal ayarlar dosyasını içe aktarın"},"agi":{"name":"Terminal kestirmelerini kullanma","searchName":"OS X'te Terminal kestirmelerini kullanma"},"trmltab":{"name":"Sekme tercihleri","searchName":"Terminal’de Profiller tercihlerinin Sekme bölümü"},"apdC52250EE-4659-4751-9A3A-8B7988150530":{"name":"Dosya arşivlerini sıkıştırma veya arşivden çıkartma"}},"copyright_text":"Copyright © 2016 Apple Inc. Tüm hakları saklıdır."}