{"css":"","framework":"duck-10.0.0","title":"Ajuda Terminal","build_id":"5748ce6c094622ab1714ccd3","icon":"..\/SharedGlobalArt\/AppIconDefault_Terminal.png","sections":{"trml6dee242c":{"name":"Como usar automação e roteiros","children":["apd53500956-7C5B-496B-A362-2845F2AAB4BC","apdD100908F-06B3-4E63-8A87-32E71241BAB4","apdC6C1077B-5D5D-4D35-9C19-60F2397B2369","apdD556274B-9CC9-4764-BBA8-87610A745747","trml1003","trml11513"]},"trml2a13d2ad":{"name":"Como trabalhar em janelas do Terminal","children":["apd5265185D-F365-44CB-8B09-71A064A42125","apdB66B5242-0D18-49FC-9C47-A2498B7C91D5","apd3CF6FE02-3EC8-48F1-951F-866E52955FC8","apd1DBE647B-7E11-49DC-AA76-89AA7E53CE36","trml1001","trml106","trml15652"]},"trml2d2340ac":{"name":"Use perfis","children":["trmlbe278009","trml5856b1f2","trmlb20c7888","trml107","trml20912","trml15233","trml4299c696"]}},"birdseed_version":5,"toc":["trml11412","trml2a13d2ad","trml2d2340ac","trml6dee242c","trmlshtcts"],"locale":"pt-br","version":"10.12","enable_tracking":false,"source_schema":"apd-schema","platform":"mac","build_date":"2016.05.27-16:36:55","landing":"trml35501","product":"terminal","urls":{},"copyright":"","show_previous_next":false,"topics":{"apd53500956-7C5B-496B-A362-2845F2AAB4BC":{"name":"Sobre scripts de shell","searchName":"Sobre scripts de shell"},"trmlbe278009":{"name":"Crie e gerencie perfis"},"apdA3571AFE-48E3-4B52-BEC9-5D80327F2063":{"name":"Manipule variáveis NVRAM de firmware"},"apd7D247A89-3560-4C3B-A471-3E66FF607040":{"name":"Reinicie computadores"},"trml15233":{"name":"Limite o número de linhas mantido em uma sessão","searchName":"Modifique a quantidade de texto mantido em uma janela do Terminal"},"trml35501":{"name":"Ajuda Terminal","href":"trml35501.html","categories":["landing"]},"apd5265185D-F365-44CB-8B09-71A064A42125":{"name":"Acesse o shell","searchName":"Acesse o shell utilizando o aplicativo Terminal"},"trmlb20c7888":{"name":"Abrir janelas e abas","searchName":"Abrir janelas e abas do Terminal"},"trml15226":{"name":"Altere o cursor","searchName":"Altere o cursor no Terminal"},"apdB66B5242-0D18-49FC-9C47-A2498B7C91D5":{"name":"Execute comandos e ferramentas"},"trml6909054d":{"name":"Digite uma senha na janela do Terminal","searchName":"Digite uma senha no Terminal"},"trml4299c696":{"name":"Importe e exporte perfis","searchName":"Importe e exporte ajustes do Terminal"},"trmlc69728a5":{"name":"Permitir indicação por mouse","searchName":"Ative a Indicação por Mouse no Terminal"},"trmlkbrd":{"name":"Preferência Teclado","searchName":"Painel Teclado da preferência Perfis no Terminal"},"trml20912":{"name":"Defina um aviso de áudio ou visual","searchName":"Defina um aviso de áudio ou visual no Terminal"},"trml15228":{"name":"Como alterar o título em uma janela do Terminal"},"apdBC6514EB-E106-4415-94E6-E71192085BC5":{"name":"Visualize o conteúdo de arquivos"},"apd1DBE647B-7E11-49DC-AA76-89AA7E53CE36":{"name":"Redirecione a entrada e a saída"},"trml5856b1f2":{"name":"Especifique perfis padrão e de inicialização"},"trml135fbc26":{"name":"Use marcadores e favoritos"},"apd8A205299-1C4C-4845-902A-6190E132B006":{"name":"Busque texto em um arquivo"},"trml11412":{"name":"Visão geral do Terminal"},"trmld1f46097":{"name":"Mostrar ou ocultar a tela alternativa"},"trmlshll":{"name":"Preferência Shell","searchName":"Painel Shell da preferência Perfis no Terminal"},"trmlwindw":{"name":"Preferência Janelas","searchName":"Painel Janela da preferência Perfis no Terminal"},"trmltxt":{"name":"Preferência Texto","searchName":"Painel Texto das preferências Perfis no Terminal"},"apdA49A1BB2-577E-4721-8F25-FFC0836F6997":{"name":"Edite listas de propriedades"},"trml103":{"name":"Exiba caracteres com muitos bits","searchName":"Exiba caracteres com muitos bits no Terminal"},"apdC6C1077B-5D5D-4D35-9C19-60F2397B2369":{"name":"Gerenciamento de scripts com launchd"},"trml104":{"name":"Como exportar ajustes de perfis","searchName":"Exporte os ajustes do Terminal"},"apd382CC5FA-4F58-4449-B20A-41C53C006F8F":{"name":"Use variáveis de ambiente"},"trml106":{"name":"Arraste arquivos para o Terminal para especificar caminhos"},"trml113":{"name":"Alterar o shell padrão","searchName":"Como alterar o shell padrão no Terminal"},"trml107":{"name":"Altere a aparência das janelas do Terminal"},"trmlstrtup":{"name":"Preferências Gerais","searchName":"Preferência Geral no Terminal"},"trml108":{"name":"Crie teclas de função personalizadas","searchName":"Crie teclas de função personalizadas no Terminal"},"trml109":{"name":"Impeça a detecção indesejada de toques","searchName":"Impeça a detecção indesejada de toques no Terminal"},"apdD556274B-9CC9-4764-BBA8-87610A745747":{"name":"Execute um script de shell em horários específicos"},"trmlshtcts":{"name":"Atalhos de Teclado","searchName":"Atalhos de teclado do Terminal"},"apd5B0B6259-A7D4-4435-947D-0DFF528912BA":{"name":"Comandos que requerem privilégios root ou de administrador"},"trml11512":{"name":"Como editar comandos usados anteriormente","searchName":"Edite comandos usados recentemente no Terminal"},"apd3CF6FE02-3EC8-48F1-951F-866E52955FC8":{"name":"Especifique arquivos e pastas"},"trml1001":{"name":"Corrija erros de digitação","searchName":"Corrija erros de digitação no Terminal"},"trml11513":{"name":"Execute scripts AppleScript no Terminal"},"apdDFB31307-3E90-432F-8AA7-7CBC05DB27F7":{"name":"Mova e copie arquivos"},"trml15652":{"name":"Use grupos de janelas","searchName":"Abra um grupo de janelas do Terminal automaticamente"},"trml1003":{"name":"Automatize tarefas usando AppleScript"},"trmladvn":{"name":"Painel Avançado das preferências","searchName":"Painel Avançado da preferência Perfis no Terminal"},"trml35615":{"name":"Caso o Terminal emita sons enquanto você digita"},"apd0445A31B-28D0-4AD2-BC19-ABF64F36446B":{"name":"Altere o disco de inicialização de um computador remoto"},"trml1020":{"name":"Use os recursos de acessibilidade do OS X"},"trmlencd":{"name":"Preferência Codificações","searchName":"Preferência Codificações no Terminal"},"apdB02F1133-25AF-4C65-8976-159609F99817":{"name":"Editores de texto de linha de comando","searchName":"Editores de texto de linha de comando para OS X Server"},"apd9369B225-34E9-41B4-BC23-53C44B01BC07":{"name":"Desligue computadores"},"apdD100908F-06B3-4E63-8A87-32E71241BAB4":{"name":"Torne um arquivo executável"},"trmlwrkspc":{"name":"Preferências Grupos de Janelas","searchName":"Preferência Grupos de Janelas no Terminal"},"trml15220":{"name":"Ative codificações de caracteres internacionais","searchName":"Ative codificações de caracteres internacionais no Terminal"},"trml1031":{"name":"Como criar abas em uma janela do Terminal"},"trml1018":{"name":"Conecte a um servidor","searchName":"Conecte a um servidor no Terminal"},"trml1032":{"name":"Ative codificações de caracteres internacionais","searchName":"Ative codificações de caracteres internacionais no Terminal"},"trml1019":{"name":"Como copiar texto para uma janela do Terminal"},"apdFB88006C-67FB-4982-965E-2E1AF25CD739":{"name":"Sobre o uso interativo da linha de comando"},"trml1034":{"name":"Importe um arquivo de ajustes","searchName":"Importe um arquivo de ajustes do Terminal"},"agi":{"name":"Use atalhos do Terminal no OS X","searchName":"Use atalhos do Terminal no OS X"},"trmltab":{"name":"Preferência Aba","searchName":"Painel Aba da preferência Perfis no Terminal"},"apdC52250EE-4659-4751-9A3A-8B7988150530":{"name":"Comprima e descomprima arquivos comprimidos"}},"copyright_text":"Copyright © 2016 Apple Inc. Todos os direitos reservados."}