{"css":"","framework":"duck-10.0.0","title":"Terminal Hjälp","build_id":"5748ce4c094622ab1714cc1d","icon":"..\/SharedGlobalArt\/AppIconDefault_Terminal.png","sections":{"trml6dee242c":{"name":"Använd automatisering och skript","children":["apd53500956-7C5B-496B-A362-2845F2AAB4BC","apdD100908F-06B3-4E63-8A87-32E71241BAB4","apdC6C1077B-5D5D-4D35-9C19-60F2397B2369","apdD556274B-9CC9-4764-BBA8-87610A745747","trml1003","trml11513"]},"trml2a13d2ad":{"name":"Arbeta i Terminal-fönster","children":["apd5265185D-F365-44CB-8B09-71A064A42125","apdB66B5242-0D18-49FC-9C47-A2498B7C91D5","apd3CF6FE02-3EC8-48F1-951F-866E52955FC8","apd1DBE647B-7E11-49DC-AA76-89AA7E53CE36","trml1001","trml106","trml15652"]},"trml2d2340ac":{"name":"Användarprofiler","children":["trmlbe278009","trml5856b1f2","trmlb20c7888","trml107","trml20912","trml15233","trml4299c696"]}},"birdseed_version":5,"toc":["trml11412","trml2a13d2ad","trml2d2340ac","trml6dee242c","trmlshtcts"],"locale":"sv","version":"10.12","enable_tracking":false,"source_schema":"apd-schema","platform":"mac","build_date":"2016.05.27-16:31:04","landing":"trml35501","product":"terminal","urls":{},"copyright":"","show_previous_next":false,"topics":{"apd53500956-7C5B-496B-A362-2845F2AAB4BC":{"name":"Om kommandotolksskript","searchName":"Om kommandotolksskript"},"trmlbe278009":{"name":"Skapa och hantera profiler"},"apdA3571AFE-48E3-4B52-BEC9-5D80327F2063":{"name":"Manipulera NVRAM-variabler för fast programvara"},"apd7D247A89-3560-4C3B-A471-3E66FF607040":{"name":"Starta om datorer"},"trml15233":{"name":"Begränsa antalet rader som behålls i en session","searchName":"Ändra hur mycket text som behålls i ett terminalfönster"},"trml35501":{"name":"Terminal Hjälp","href":"trml35501.html","categories":["landing"]},"apd5265185D-F365-44CB-8B09-71A064A42125":{"name":"Ansluta till kommandotolken","searchName":"Du kommer åt kommandotolken med programmet Terminal"},"trmlb20c7888":{"name":"Öppna fönster och flikar","searchName":"Öppna terminalfönster och flikar"},"trml15226":{"name":"Ändra markören","searchName":"Ändra markören i Terminal"},"apdB66B5242-0D18-49FC-9C47-A2498B7C91D5":{"name":"Köra kommandon och verktyg"},"trml6909054d":{"name":"Ange lösenord i Terminal-fönstret","searchName":"Ange lösenord i Terminal"},"trml4299c696":{"name":"Importera och exportera profiler","searchName":"Importera och exportera Terminal-inställningar"},"trmlc69728a5":{"name":"Tillåt musrapportering","searchName":"Aktivera musrapportering i Terminal"},"trmlkbrd":{"name":"Tangentbordsinställningar","searchName":"Panelen Tangentbord under Profiler i Terminal-inställningarna"},"trml20912":{"name":"Ställ in en ljudvarning eller en visuell varning","searchName":"Ställ in en ljudvarning eller en visuell varning i Terminal"},"trml15228":{"name":"Ändra titeln som visas i ett Terminal-fönster"},"apdBC6514EB-E106-4415-94E6-E71192085BC5":{"name":"Visa filinnehåll"},"apd1DBE647B-7E11-49DC-AA76-89AA7E53CE36":{"name":"Omdirigera in- och utdata"},"trml5856b1f2":{"name":"Ange förvalda och startprofiler"},"trml135fbc26":{"name":"Använda märken och bokmärken"},"apd8A205299-1C4C-4845-902A-6190E132B006":{"name":"Söka efter text i en fil"},"trml11412":{"name":"Terminal - Översikt"},"trmld1f46097":{"name":"Visa eller gömma den alternativa skärmen"},"trmlshll":{"name":"Kommandotolksinställningar","searchName":"Panelen Kommandotolk under Profiler i Terminal-inställningarna"},"trmlwindw":{"name":"Fönsterinställningar","searchName":"Panelen Fönster under Profiler i Terminal-inställningarna"},"trmltxt":{"name":"Textinställningar","searchName":"Panelen Text under Profiler i Terminal-inställningarna"},"apdA49A1BB2-577E-4721-8F25-FFC0836F6997":{"name":"Redigera egenskapslistor"},"trml103":{"name":"Visa specialtecken","searchName":"Visa specialtecken i Terminal"},"apdC6C1077B-5D5D-4D35-9C19-60F2397B2369":{"name":"Skripthantering med launchd"},"trml104":{"name":"Exportera profilinställningar","searchName":"Exportera Terminal-inställningar"},"apd382CC5FA-4F58-4449-B20A-41C53C006F8F":{"name":"Använda miljövariabler"},"trml106":{"name":"Dra filer till Terminal för att ange sökvägar"},"trml113":{"name":"Ändra förvald kommandotolk","searchName":"Ändra förvald kommandotolk i Terminal"},"trml107":{"name":"Ändra utseende på Terminal-fönster"},"trmlstrtup":{"name":"Inställningspanelen Allmänt","searchName":"Inställningspanelen Allmänt i Terminal"},"trml108":{"name":"Skapa anpassade funktionstangenter i Terminal","searchName":"Skapa anpassade funktionstangenter i Terminal"},"trml109":{"name":"Förhindra oönskad avkänning av tangenttryckningar","searchName":"Förhindra oönskad avkänning av tangenttryckningar i Terminal"},"apdD556274B-9CC9-4764-BBA8-87610A745747":{"name":"Köra ett kommandotolksskript vid vissa tidpunkter"},"trmlshtcts":{"name":"Kortkommandon","searchName":"Terminal keyboard shortcuts"},"apd5B0B6259-A7D4-4435-947D-0DFF528912BA":{"name":"Kommandon som kräver rot- eller administratörsbehörighet"},"trml11512":{"name":"Redigera tidigare använda kommandon","searchName":"Redigera nyligen använda kommandon i Terminal"},"apd3CF6FE02-3EC8-48F1-951F-866E52955FC8":{"name":"Ange filer och mappar"},"trml1001":{"name":"Rätta skrivfel","searchName":"Rätta skrivfel i Terminal"},"trml11513":{"name":"Kör AppleScript-skript från Terminal"},"apdDFB31307-3E90-432F-8AA7-7CBC05DB27F7":{"name":"Flytta och kopiera filer"},"trml15652":{"name":"Använda fönstergrupper","searchName":"Öppna en grupp Terminal-fönster automatiskt"},"trml1003":{"name":"Automatisera åtgärder med AppleScript"},"trmladvn":{"name":"Inställningspanelen Avancerat","searchName":"Panelen Avancerat under Profiler i Terminal-inställningarna"},"trml35615":{"name":"Om Terminal piper medan du skriver"},"apd0445A31B-28D0-4AD2-BC19-ABF64F36446B":{"name":"Ändra en fjärrdators startskiva"},"trml1020":{"name":"Använda hjälpmedelsfunktioner i OS X"},"trmlencd":{"name":"Kodningsinställningar","searchName":"Kodningsinställningar i Terminal"},"apdB02F1133-25AF-4C65-8976-159609F99817":{"name":"Textredigerare för kommandoraden","searchName":"Textredigerare för kommandoraden för OS X Server"},"apd9369B225-34E9-41B4-BC23-53C44B01BC07":{"name":"Stänga av datorer"},"apdD100908F-06B3-4E63-8A87-32E71241BAB4":{"name":"Göra en fil körbar"},"trmlwrkspc":{"name":"Fönstergruppsinställningar","searchName":"Inställningspanelen Fönstergrupper i Terminal"},"trml15220":{"name":"Aktivera internationella teckenkodningar","searchName":"Aktivera internationella teckenkodningar i Terminal"},"trml1031":{"name":"Skapa flikar i ett Terminal-fönster"},"trml1018":{"name":"Anslut till servrar","searchName":"Anslut till servrar med Terminal"},"trml1032":{"name":"Aktivera internationella teckenkodningar","searchName":"Aktivera internationella teckenkodningar i Terminal"},"trml1019":{"name":"Kopiera text till ett Terminal-fönster"},"apdFB88006C-67FB-4982-965E-2E1AF25CD739":{"name":"Om att använda kommandoraden interaktivt"},"trml1034":{"name":"Importera en inställningsfil","searchName":"Importera en Terminal-inställningsfil"},"agi":{"name":"Använda kortkommandon för Terminal","searchName":"Använda kortkommandon för Terminal i OS X"},"trmltab":{"name":"Tabbinställningar","searchName":"Panelen Tabb under Profiler i Terminal-inställningarna"},"apdC52250EE-4659-4751-9A3A-8B7988150530":{"name":"Komprimera och packa upp filarkiv"}},"copyright_text":"Copyright © 2016 Apple Inc. Alla rättigheter förbehålls."}