{"css":"","framework":"duck-10.0.0","title":"终端帮助","build_id":"5748ce60094622ab1714cc8d","icon":"..\/SharedGlobalArt\/AppIconDefault_Terminal.png","sections":{"trml6dee242c":{"name":"使用自动化和脚本","children":["apd53500956-7C5B-496B-A362-2845F2AAB4BC","apdD100908F-06B3-4E63-8A87-32E71241BAB4","apdC6C1077B-5D5D-4D35-9C19-60F2397B2369","apdD556274B-9CC9-4764-BBA8-87610A745747","trml1003","trml11513"]},"trml2a13d2ad":{"name":"在“终端”窗口中工作","children":["apd5265185D-F365-44CB-8B09-71A064A42125","apdB66B5242-0D18-49FC-9C47-A2498B7C91D5","apd3CF6FE02-3EC8-48F1-951F-866E52955FC8","apd1DBE647B-7E11-49DC-AA76-89AA7E53CE36","trml1001","trml106","trml15652"]},"trml2d2340ac":{"name":"使用描述文件","children":["trmlbe278009","trml5856b1f2","trmlb20c7888","trml107","trml20912","trml15233","trml4299c696"]}},"birdseed_version":5,"toc":["trml11412","trml2a13d2ad","trml2d2340ac","trml6dee242c","trmlshtcts"],"locale":"zh-cn","version":"10.12","enable_tracking":false,"source_schema":"apd-schema","platform":"mac","build_date":"2016.05.27-16:34:23","landing":"trml35501","product":"terminal","urls":{},"copyright":"","show_previous_next":false,"topics":{"apd53500956-7C5B-496B-A362-2845F2AAB4BC":{"name":"关于 shell 脚本","searchName":"关于 shell 脚本"},"trmlbe278009":{"name":"创建和管理描述文件"},"apdA3571AFE-48E3-4B52-BEC9-5D80327F2063":{"name":"处理固件 NVRAM 变量"},"apd7D247A89-3560-4C3B-A471-3E66FF607040":{"name":"重新启动电脑"},"trml15233":{"name":"限制会话中保留的行数","searchName":"修改“终端”窗口中保留的文本量"},"trml35501":{"name":"终端帮助","href":"trml35501.html","categories":["landing"]},"apd5265185D-F365-44CB-8B09-71A064A42125":{"name":"访问 shell","searchName":"使用“终端”应用访问 shell"},"trmlb20c7888":{"name":"打开窗口和标签","searchName":"打开终端窗口和标签"},"trml15226":{"name":"更改光标","searchName":"更改“终端”中的光标"},"apdB66B5242-0D18-49FC-9C47-A2498B7C91D5":{"name":"执行命令和运行工具"},"trml6909054d":{"name":"在“终端”窗口中输入密码","searchName":"在“终端”中输入密码"},"trml4299c696":{"name":"导入和导出描述文件","searchName":"导入和导出“终端”设置"},"trmlc69728a5":{"name":"允许鼠标报告","searchName":"在“终端”中打开“鼠标报告”"},"trmlkbrd":{"name":"“键盘”偏好设置","searchName":"“终端”中“描述文件”偏好设置的“键盘”面板"},"trml20912":{"name":"设定听得见或看得见的警告","searchName":"在“终端”中设定听得见或看得见的警告"},"trml15228":{"name":"更改“终端”窗口中显示的标题"},"apdBC6514EB-E106-4415-94E6-E71192085BC5":{"name":"查看文件内容"},"apd1DBE647B-7E11-49DC-AA76-89AA7E53CE36":{"name":"重定向输入和输出"},"trml5856b1f2":{"name":"指定默认和启动描述文件"},"trml135fbc26":{"name":"使用标记和书签"},"apd8A205299-1C4C-4845-902A-6190E132B006":{"name":"在文件中搜索文本"},"trml11412":{"name":"终端概览"},"trmld1f46097":{"name":"显示或隐藏备用屏幕"},"trmlshll":{"name":"“Shell”偏好设置","searchName":"“终端”中“描述文件”偏好设置的“Shell”面板"},"trmlwindw":{"name":"“窗口”偏好设置","searchName":"“终端”中“描述文件”偏好设置的“窗口”面板"},"trmltxt":{"name":"“文本”偏好设置","searchName":"“终端”中“描述文件”偏好设置的“文本”面板"},"apdA49A1BB2-577E-4721-8F25-FFC0836F6997":{"name":"编辑属性列表"},"trml103":{"name":"显示高位字符","searchName":"在“终端”中显示高位字符"},"apdC6C1077B-5D5D-4D35-9C19-60F2397B2369":{"name":"使用 launchd 管理脚本"},"trml104":{"name":"导出描述文件设置","searchName":"导出“终端”设置"},"apd382CC5FA-4F58-4449-B20A-41C53C006F8F":{"name":"使用环境变量"},"trml106":{"name":"将文件拖入“终端”以指定路径"},"trml113":{"name":"更改默认 shell","searchName":"更改“终端”中的默认 shell"},"trml107":{"name":"更改“终端”窗口的外观"},"trmlstrtup":{"name":"“通用”偏好设置","searchName":"“终端”中的“通用”偏好设置"},"trml108":{"name":"创建自定功能键","searchName":"在“终端”中创建自定功能键"},"trml109":{"name":"阻止不需要的按键检测","searchName":"阻止不需要的“终端”按键检测"},"apdD556274B-9CC9-4764-BBA8-87610A745747":{"name":"在特定时间运行 shell 脚本"},"trmlshtcts":{"name":"键盘快捷键","searchName":"Terminal keyboard shortcuts"},"apd5B0B6259-A7D4-4435-947D-0DFF528912BA":{"name":"要求 Root 或管理员权限的命令"},"trml11512":{"name":"编辑之前使用的命令","searchName":"在“终端”中编辑最近使用的命令"},"apd3CF6FE02-3EC8-48F1-951F-866E52955FC8":{"name":"指定文件和文件夹"},"trml1001":{"name":"纠正键入错误","searchName":"在“终端”中纠正键入错误"},"trml11513":{"name":"从“终端”运行 AppleScript 脚本"},"apdDFB31307-3E90-432F-8AA7-7CBC05DB27F7":{"name":"移动和拷贝文件"},"trml15652":{"name":"使用窗口组","searchName":"自动打开一组“终端”窗口"},"trml1003":{"name":"使用 AppleScript 自动执行任务"},"trmladvn":{"name":"“高级”偏好设置","searchName":"“终端”中“描述文件”偏好设置的“高级”面板"},"trml35615":{"name":"如果“终端”在您键入时发出哔哔声"},"apd0445A31B-28D0-4AD2-BC19-ABF64F36446B":{"name":"更改远程电脑的启动磁盘"},"trml1020":{"name":"使用 OS X 辅助功能"},"trmlencd":{"name":"“编码”偏好设置","searchName":"“终端”中的“编码”偏好设置"},"apdB02F1133-25AF-4C65-8976-159609F99817":{"name":"命令行文本编辑器","searchName":"OS X Server 的命令行文本编辑器"},"apd9369B225-34E9-41B4-BC23-53C44B01BC07":{"name":"将电脑关机"},"apdD100908F-06B3-4E63-8A87-32E71241BAB4":{"name":"使文件可执行"},"trmlwrkspc":{"name":"“窗口组”偏好设置","searchName":"“终端”中的“窗口组”偏好设置"},"trml15220":{"name":"启用多语言环境字符编码","searchName":"在“终端”中启用多语言环境字符编码"},"trml1031":{"name":"在“终端”窗口中创建标签"},"trml1018":{"name":"连接到服务器","searchName":"使用“终端”连接到服务器"},"trml1032":{"name":"激活多语言环境字符编码","searchName":"在“终端”中激活多语言环境字符编码"},"trml1019":{"name":"将文本拷贝到“终端”窗口中"},"apdFB88006C-67FB-4982-965E-2E1AF25CD739":{"name":"关于交互使用命令行"},"trml1034":{"name":"导入设置文件","searchName":"导入“终端”设置文件"},"agi":{"name":"使用“终端”快捷键","searchName":"在 OS X 中使用“终端”快捷键"},"trmltab":{"name":"“标签”偏好设置","searchName":"“终端”中“描述文件”偏好设置的“标签”面板"},"apdC52250EE-4659-4751-9A3A-8B7988150530":{"name":"压缩和解压缩文件归档"}},"copyright_text":"Copyright © 2016 Apple Inc. 保留一切权利。"}