{"css":"","framework":"duck-10.0.0","title":"Aide Terminal","build_id":"5748ce6b094622ab1714cccc","icon":"..\/SharedGlobalArt\/AppIconDefault_Terminal.png","sections":{"trml6dee242c":{"name":"Utiliser une automatisation et des scripts","children":["apd53500956-7C5B-496B-A362-2845F2AAB4BC","apdD100908F-06B3-4E63-8A87-32E71241BAB4","apdC6C1077B-5D5D-4D35-9C19-60F2397B2369","apdD556274B-9CC9-4764-BBA8-87610A745747","trml1003","trml11513"]},"trml2a13d2ad":{"name":"Travailler dans des fenêtres Terminal","children":["apd5265185D-F365-44CB-8B09-71A064A42125","apdB66B5242-0D18-49FC-9C47-A2498B7C91D5","apd3CF6FE02-3EC8-48F1-951F-866E52955FC8","apd1DBE647B-7E11-49DC-AA76-89AA7E53CE36","trml1001","trml106","trml15652"]},"trml2d2340ac":{"name":"Utiliser des profils","children":["trmlbe278009","trml5856b1f2","trmlb20c7888","trml107","trml20912","trml15233","trml4299c696"]}},"birdseed_version":5,"toc":["trml11412","trml2a13d2ad","trml2d2340ac","trml6dee242c","trmlshtcts"],"locale":"fr","version":"10.12","enable_tracking":false,"source_schema":"apd-schema","platform":"mac","build_date":"2016.05.27-16:42:06","landing":"trml35501","product":"terminal","urls":{},"copyright":"","show_previous_next":false,"topics":{"apd53500956-7C5B-496B-A362-2845F2AAB4BC":{"name":"À propos des scripts shell","searchName":"À propos des scripts shell"},"trmlbe278009":{"name":"Créer et gérer des profils"},"apdA3571AFE-48E3-4B52-BEC9-5D80327F2063":{"name":"Manipuler les variables NVRAM du programme interne"},"apd7D247A89-3560-4C3B-A471-3E66FF607040":{"name":"Redémarrer des ordinateurs"},"trml15233":{"name":"Limiter le nombre de lignes à conserver dans une session","searchName":"Modifier la quantité de texte dans une fenêtre Terminal"},"trml35501":{"name":"Aide Terminal","href":"trml35501.html","categories":["landing"]},"apd5265185D-F365-44CB-8B09-71A064A42125":{"name":"Accéder au shell","searchName":"Accéder au shell avec l’app Terminal"},"trmlb20c7888":{"name":"Ouvrir les fenêtres et onglets","searchName":"Ouvrir les fenêtres et onglets Terminal"},"trml15226":{"name":"Modifier le curseur","searchName":"Modifier le curseur dans Terminal"},"apdB66B5242-0D18-49FC-9C47-A2498B7C91D5":{"name":"Exécuter des commandes et des outils"},"trml6909054d":{"name":"Saisir un mot de passe dans la fenêtre Terminal","searchName":"Saisir un mot de passe dans Terminal"},"trml4299c696":{"name":"Importer et exporter des profils","searchName":"Importer et exporter les réglages Terminal"},"trmlc69728a5":{"name":"Autoriser les rapports de souris","searchName":"Activer les rapports de souris dans Terminal"},"trmlkbrd":{"name":"Préférences Clavier","searchName":"Sous-fenêtre Clavier des préférences Profils dans Terminal"},"trml20912":{"name":"Configurer une alerte audio ou visuelle","searchName":"Configurer une alerte audio ou visuelle dans Terminal"},"trml15228":{"name":"Modifier le titre affiché dans une fenêtre Terminal"},"apdBC6514EB-E106-4415-94E6-E71192085BC5":{"name":"Afficher le contenu d’un fichier"},"apd1DBE647B-7E11-49DC-AA76-89AA7E53CE36":{"name":"Rediriger l’entrée et le résultat"},"trml5856b1f2":{"name":"Spécifier les profils par défaut et de démarrage"},"trml135fbc26":{"name":"Utiliser des marques et des signets"},"apd8A205299-1C4C-4845-902A-6190E132B006":{"name":"Rechercher du texte dans un fichier"},"trml11412":{"name":"Vue d’ensemble de Terminal"},"trmld1f46097":{"name":"Afficher ou masquer l’écran secondaire"},"trmlshll":{"name":"Préférences Shell","searchName":"Sous-fenêtre Shell des préférences Profils dans Terminal"},"trmlwindw":{"name":"Préférences Fenêtre","searchName":"Sous-fenêtre Fenêtre des préférences Profils dans Terminal"},"trmltxt":{"name":"Préférences Texte","searchName":"Sous-fenêtre Texte des préférences Profils dans Terminal"},"apdA49A1BB2-577E-4721-8F25-FFC0836F6997":{"name":"Modifier les listes de propriétés"},"trml103":{"name":"Afficher les caractères high-bit","searchName":"Afficher les caractères high-bit dans Terminal"},"apdC6C1077B-5D5D-4D35-9C19-60F2397B2369":{"name":"Gestion de scripts avec launchd"},"trml104":{"name":"Exporter les réglages d’un profil","searchName":"Exporter les réglages Terminal"},"apd382CC5FA-4F58-4449-B20A-41C53C006F8F":{"name":"Utiliser des variables d’environnement"},"trml106":{"name":"Indiquer des chemins d’accès en faisant glisser des fichiers dans Terminal"},"trml113":{"name":"Modifier le shell par défaut","searchName":"Modifier le shell par défaut dans Terminal"},"trml107":{"name":"Modifier l’apparence des fenêtres Terminal"},"trmlstrtup":{"name":"Préférences Générales","searchName":"Préférences Général dans Terminal"},"trml108":{"name":"Créer des touches de fonction personnalisées","searchName":"Créer des touches de fonction personnalisées dans Terminal"},"trml109":{"name":"Empêcher la détection non souhaitée des saisies","searchName":"Empêcher la détection non souhaitée des saisies dans Terminal"},"apdD556274B-9CC9-4764-BBA8-87610A745747":{"name":"Exécuter un shell script à un moment précis"},"trmlshtcts":{"name":"Raccourcis clavier","searchName":"Terminal keyboard shortcuts"},"apd5B0B6259-A7D4-4435-947D-0DFF528912BA":{"name":"Commandes pour lesquelles des autorisations administrateur ou root sont requises"},"trml11512":{"name":"Modifier des commandes précédemment utilisées","searchName":"Modifier des commandes récemment utilisées dans Terminal"},"apd3CF6FE02-3EC8-48F1-951F-866E52955FC8":{"name":"Spécifier les fichiers et les dossiers"},"trml1001":{"name":"Corriger des erreurs de frappe","searchName":"Corriger des erreurs de frappe dans Terminal"},"trml11513":{"name":"Exécuter des scripts AppleScript à partir de Terminal"},"apdDFB31307-3E90-432F-8AA7-7CBC05DB27F7":{"name":"Déplacer et copier des fichiers"},"trml15652":{"name":"Utiliser des groupes de fenêtres","searchName":"Ouvrir un groupe de fenêtres Terminal automatiquement"},"trml1003":{"name":"Automatiser des tâches à l’aide d’AppleScript"},"trmladvn":{"name":"Préférences avancées","searchName":"Sous-fenêtre Avancé des préférences Profils dans Terminal"},"trml35615":{"name":"Si Terminal émet un son lors de la saisie"},"apd0445A31B-28D0-4AD2-BC19-ABF64F36446B":{"name":"Modifier le disque de démarrage d’un ordinateur distant"},"trml1020":{"name":"Utiliser les fonctionnalités d’accessibilité d’OS X"},"trmlencd":{"name":"Préférences Encodages","searchName":"Préférences Encodages dans Terminal"},"apdB02F1133-25AF-4C65-8976-159609F99817":{"name":"Éditeurs de texte en ligne de commande","searchName":"Éditeurs de texte en ligne de commande pour OS X Server"},"apd9369B225-34E9-41B4-BC23-53C44B01BC07":{"name":"Éteindre des ordinateurs"},"apdD100908F-06B3-4E63-8A87-32E71241BAB4":{"name":"Rendre un fichier exécutable"},"trmlwrkspc":{"name":"Préférences Groupes de fenêtres","searchName":"Sous-fenêtre Groupes de fenêtres dans Terminal"},"trml15220":{"name":"Activer les encodages de caractères internationaux","searchName":"Activer les encodages de caractères internationaux dans Terminal"},"trml1031":{"name":"Créer des onglets dans une fenêtre Terminal"},"trml1018":{"name":"Se connecter aux serveurs","searchName":"Se connecter aux serveurs dans Terminal"},"trml1032":{"name":"Activer les encodages de caractères internationaux","searchName":"Activer les encodages de caractères internationaux dans Terminal"},"trml1019":{"name":"Copier du texte dans une fenêtre Terminal"},"apdFB88006C-67FB-4982-965E-2E1AF25CD739":{"name":"À propos de l’interaction avec la ligne de commande"},"trml1034":{"name":"Importer un fichier de réglages","searchName":"Importer un fichier de réglages Terminal"},"agi":{"name":"Utiliser des raccourcis Terminal","searchName":"Utiliser des raccourcis Terminal dans OS X"},"trmltab":{"name":"Préférences Onglet","searchName":"Sous-fenêtre Onglet des préférences Profils dans Terminal"},"apdC52250EE-4659-4751-9A3A-8B7988150530":{"name":"Compresser et décompresser des fichiers d’archive"}},"copyright_text":"Copyright © 2016 Apple Inc. Tous droits réservés."}