{"css":"","framework":"duck-10.0.0","title":"עזרה בנושא ״מסוף״","build_id":"5748ce58094622ab1714cc63","icon":"..\/SharedGlobalArt\/AppIconDefault_Terminal.png","sections":{"trml6dee242c":{"name":"שימוש באוטומציה ובתסריטים","children":["apd53500956-7C5B-496B-A362-2845F2AAB4BC","apdD100908F-06B3-4E63-8A87-32E71241BAB4","apdC6C1077B-5D5D-4D35-9C19-60F2397B2369","apdD556274B-9CC9-4764-BBA8-87610A745747","trml1003","trml11513"]},"trml2a13d2ad":{"name":"עבודה בחלונות של ״המסוף״","children":["apd5265185D-F365-44CB-8B09-71A064A42125","apdB66B5242-0D18-49FC-9C47-A2498B7C91D5","apd3CF6FE02-3EC8-48F1-951F-866E52955FC8","apd1DBE647B-7E11-49DC-AA76-89AA7E53CE36","trml1001","trml106","trml15652"]},"trml2d2340ac":{"name":"פרופילי שימוש","children":["trmlbe278009","trml5856b1f2","trmlb20c7888","trml107","trml20912","trml15233","trml4299c696"]}},"birdseed_version":5,"toc":["trml11412","trml2a13d2ad","trml2d2340ac","trml6dee242c","trmlshtcts"],"locale":"he","version":"10.12","enable_tracking":false,"source_schema":"apd-schema","platform":"mac","build_date":"2016.05.27-16:21:09","landing":"trml35501","product":"terminal","urls":{},"copyright":"","show_previous_next":false,"topics":{"apd53500956-7C5B-496B-A362-2845F2AAB4BC":{"name":"על תסריטי מעטפת","searchName":"על תסריטי מעטפת"},"trmlbe278009":{"name":"יצירה וניהול של פרופילים"},"apdA3571AFE-48E3-4B52-BEC9-5D80327F2063":{"name":"טיפול במשתני NVRAM של קושחה"},"apd7D247A89-3560-4C3B-A471-3E66FF607040":{"name":"הפעלה מחדש של מחשבים"},"trml15233":{"name":"הגבלת מספר השורות הנשמרות בהפעלה","searchName":"שינוי כמות המלל שנשמר בחלון מסוף"},"trml35501":{"name":"עזרה בנושא ״המסוף״","href":"trml35501.html","categories":["landing"]},"apd5265185D-F365-44CB-8B09-71A064A42125":{"name":"גישה למעטפת","searchName":"גישה אל המעטפת באמצעות היישום ״מסוף״"},"trmlb20c7888":{"name":"פתיחת חלונות וכרטיסיות","searchName":"פתיחת חלונות וכרטיסיות ב״המסוף״"},"trml15226":{"name":"שינוי הסמן","searchName":"שינוי הסמן ב״מסוף״"},"apdB66B5242-0D18-49FC-9C47-A2498B7C91D5":{"name":"ביצוע פקודות והפעלת כלים"},"trml6909054d":{"name":"הקש\/י סיסמה בחלון ״מסוף״","searchName":"הקש\/י סיסמה ב\"מסוף\""},"trml4299c696":{"name":"ייבוא וייצוא של פרופילים","searchName":"ייבוא וייצוא של הגדרות ״המסוף״"},"trmlc69728a5":{"name":"הפעלת דיווח עכבר","searchName":"הפעל\/י את \"דיווח עכבר\" ב\"מסוף\""},"trmlkbrd":{"name":"העדפות המקלדת","searchName":"החלונית ״מקלדת״ של העדפות ״פרופילים״ ב״המסוף״"},"trml20912":{"name":"הגדרת התראה שמיעתית או חזותית","searchName":"הגדרת התראה שמיעתית או חזותית ב״מסוף״"},"trml15228":{"name":"שינוי הכותרת המוצגת בחלון ״מסוף״"},"apdBC6514EB-E106-4415-94E6-E71192085BC5":{"name":"הצגת תוכן של קובץ"},"apd1DBE647B-7E11-49DC-AA76-89AA7E53CE36":{"name":"ניתוב מחדש של קלט ופלט"},"trml5856b1f2":{"name":"ציון פרופילי ברירת-המחדל ופרופילי הפעלה"},"trml135fbc26":{"name":"שימוש בסימנים וסימניות"},"apd8A205299-1C4C-4845-902A-6190E132B006":{"name":"חיפוש מלל בקובץ"},"trml11412":{"name":"סקירת ה״מסוף״"},"trmld1f46097":{"name":"הצגת המסך החלופי או הסתרתו"},"trmlshll":{"name":"העדפות מעטפת","searchName":"החלונית ״מעטפת״ של העדפות ״פרופילים״ ב״המסוף״"},"trmlwindw":{"name":"העדפות חלון","searchName":"החלונית ״חלון״ של העדפות ״פרופילים״ ב״המסוף״"},"trmltxt":{"name":"העדפות מלל","searchName":"החלונית ״מעטפת״ בהעדפות ״פרופילים״ ב\"מסוף\""},"apdA49A1BB2-577E-4721-8F25-FFC0836F6997":{"name":"עריכת רשימות מאפיינים"},"trml103":{"name":"הצגת תווים בעלי מספר סיביות גבוה","searchName":"הצגת תווים בעלי מספר סיביות גבוה ב״מסוף״"},"apdC6C1077B-5D5D-4D35-9C19-60F2397B2369":{"name":"ניהול תסריטים עם launchd"},"trml104":{"name":"ייצוא הגדרות פרופיל","searchName":"ייצוא הגדרות ״מסוף״"},"apd382CC5FA-4F58-4449-B20A-41C53C006F8F":{"name":"שימוש במשתני סביבה"},"trml106":{"name":"גרירת קבצים אל ״המסוף״ על-מנת לציין נתיבים"},"trml113":{"name":"שינוי מעטפת ברירת-המחדל","searchName":"שינוי מעטפת ברירת-המחדל ב״מסוף״"},"trml107":{"name":"שינוי המראה של חלונות ״המסוף״"},"trmlstrtup":{"name":"העדפות כלליות","searchName":"העדפות כלליות ב״המסוף״"},"trml108":{"name":"יצירת מקשי פונקציה מותאמים אישית","searchName":"יצירת מקשי פונקציה מותאמים אישית ב״מסוף״"},"trml109":{"name":"מניעת זיהוי הקשות בלתי רצוי","searchName":"מניעת זיהוי הקשות בלתי רצוי ב״מסוף״"},"apdD556274B-9CC9-4764-BBA8-87610A745747":{"name":"הפעלת תסריט מעטפת במועדים מסוימים"},"trmlshtcts":{"name":"קיצורי מקשים","searchName":"קיצורי מקלדת ב״מסוף״"},"apd5B0B6259-A7D4-4435-947D-0DFF528912BA":{"name":"פקודות המחייבות הרשאות של משתמש\/ת בסיס או מנהל\/ת מערכת"},"trml11512":{"name":"עריכת פקודות שהיו בשימוש בעבר","searchName":"עריכת פקודות שהיו בשימוש לאחרונה ב״מסוף״"},"apd3CF6FE02-3EC8-48F1-951F-866E52955FC8":{"name":"קביעת קבצים ותיקיות"},"trml1001":{"name":"תיקון שגיאות הקלדה","searchName":"תיקון שגיאות הקלדה ב״מסוף״"},"trml11513":{"name":"הפעלת תסריטי AppleScript מ״המסוף״"},"apdDFB31307-3E90-432F-8AA7-7CBC05DB27F7":{"name":"העברה והעתקה של קבצים"},"trml15652":{"name":"שימוש בקבוצות חלונות","searchName":"פתיחת קבוצת חלונות מסוף באופן אוטומטי"},"trml1003":{"name":"אוטומציה של משימות באמצעות AppleScript"},"trmladvn":{"name":"העדפות מתקדמות","searchName":"החלונית ״מתקדם״ בהעדפות ״פרופילים״ ב״מסוף״"},"trml35615":{"name":"במקרה ש״המסוף״ משמיע צפצוף במהלך ההקלדה"},"apd0445A31B-28D0-4AD2-BC19-ABF64F36446B":{"name":"החלפת כונן ההפעלה של מחשב מרוחק"},"trml1020":{"name":"שימוש בתכונות נגישות ב-OS X"},"trmlencd":{"name":"העדפות קידודים","searchName":"העדפות קידודים ב״המסוף״"},"apdB02F1133-25AF-4C65-8976-159609F99817":{"name":"עורכי מלל של שורת הפקודה","searchName":"עורכי מלל של שורת הפקודה עבור OS X Server"},"apd9369B225-34E9-41B4-BC23-53C44B01BC07":{"name":"כיבוי מחשבים"},"apdD100908F-06B3-4E63-8A87-32E71241BAB4":{"name":"הפיכת קובץ לקובץ הפעלה"},"trmlwrkspc":{"name":"העדפות ״קבוצות חלונות״","searchName":"העדפות ״קבוצות חלונות״ ב״המסוף״"},"trml15220":{"name":"הפיכת קידודי תווים בינלאומיים לזמינים","searchName":"הפיכת קידודי תווים בינלאומיים לזמינים ב״מסוף״"},"trml1031":{"name":"יצירת כרטיסיות בחלון ״המסוף״"},"trml1018":{"name":"חיבור לשרתים","searchName":"חיבור לשרתים ב״מסוף״"},"trml1032":{"name":"הפעלת קידודי תווים בינלאומיים","searchName":"הפעלת קידודי תווים בינלאומיים ב״מסוף״"},"trml1019":{"name":"העתקת מלל לחלון ״מסוף״"},"apdFB88006C-67FB-4982-965E-2E1AF25CD739":{"name":"בנושא שימוש בשורת הפקודה באופן אינטראקטיבי"},"trml1034":{"name":"ייבוא קובץ הגדרות","searchName":"ייבוא קובץ הגדרות של ״מסוף״"},"agi":{"name":"שימוש בקיצורים ב״מסוף״","searchName":"שימוש בקיצורים ביישום ״מסוף״ ב-OS X"},"trmltab":{"name":"העדפות כרטיסיה","searchName":"החלונית ״כרטיסיה״ של העדפות ״פרופילים״ ב״המסוף״"},"apdC52250EE-4659-4751-9A3A-8B7988150530":{"name":"דחיסה וביטול דחיסה של ארכיוני קבצים"}},"copyright_text":"‏© 2016 Apple בע״מ. כל הזכויות שמורות."}