{"css":"","framework":"duck-10.0.0","title":"Ajuda Terminal","build_id":"5748ce4e094622ab1714cc2b","icon":"..\/SharedGlobalArt\/AppIconDefault_Terminal.png","sections":{"trml6dee242c":{"name":"Utilitzar l'automatització i scripts","children":["apd53500956-7C5B-496B-A362-2845F2AAB4BC","apdD100908F-06B3-4E63-8A87-32E71241BAB4","apdC6C1077B-5D5D-4D35-9C19-60F2397B2369","apdD556274B-9CC9-4764-BBA8-87610A745747","trml1003","trml11513"]},"trml2a13d2ad":{"name":"Treballar a les finestres del Terminal","children":["apd5265185D-F365-44CB-8B09-71A064A42125","apdB66B5242-0D18-49FC-9C47-A2498B7C91D5","apd3CF6FE02-3EC8-48F1-951F-866E52955FC8","apd1DBE647B-7E11-49DC-AA76-89AA7E53CE36","trml1001","trml106","trml15652"]},"trml2d2340ac":{"name":"Perfils d’usuari","children":["trmlbe278009","trml5856b1f2","trmlb20c7888","trml107","trml20912","trml15233","trml4299c696"]}},"birdseed_version":5,"toc":["trml11412","trml2a13d2ad","trml2d2340ac","trml6dee242c","trmlshtcts"],"locale":"ca","version":"10.12","enable_tracking":false,"source_schema":"apd-schema","platform":"mac","build_date":"2016.05.27-16:22:44","landing":"trml35501","product":"terminal","urls":{},"copyright":"","show_previous_next":false,"topics":{"apd53500956-7C5B-496B-A362-2845F2AAB4BC":{"name":"Informació sobre els scripts de l’intèrpret d’ordres","searchName":"Informació sobre els scripts de l’intèrpret d’ordres"},"trmlbe278009":{"name":"Crear i gestionar perfils"},"apdA3571AFE-48E3-4B52-BEC9-5D80327F2063":{"name":"Manipular les variables NVRAM del firmware"},"apd7D247A89-3560-4C3B-A471-3E66FF607040":{"name":"Reiniciar ordinadors"},"trml15233":{"name":"Limitar el nombre de files retingudes en una sessió","searchName":"Modificar la quantitat de text retingut en una finestra de Terminal"},"trml35501":{"name":"Ajuda Terminal","href":"trml35501.html","categories":["landing"]},"apd5265185D-F365-44CB-8B09-71A064A42125":{"name":"Accedir a l’intèrpret d’ordres","searchName":"Accedir a l’intèrpret d’ordres (shell) amb l’aplicació Terminal"},"trmlb20c7888":{"name":"Obrir finestres i pestanyes","searchName":"Obrir finestres i pestanyes del Terminal"},"trml15226":{"name":"Canviar el cursor","searchName":"Canviar el cursor a Terminal"},"apdB66B5242-0D18-49FC-9C47-A2498B7C91D5":{"name":"Executar ordres i eines"},"trml6909054d":{"name":"Introduir una contrasenya a la finestra del Terminal","searchName":"Introduïu una contrasenya al Terminal"},"trml4299c696":{"name":"Importar i exportar perfils","searchName":"Importar i exportar una configuració del Terminal"},"trmlc69728a5":{"name":"Permetre enviar informes amb el ratolí","searchName":"Activeu l’enviament d’informes amb el ratolí al Terminal"},"trmlkbrd":{"name":"Tauler de preferències Teclat","searchName":"Secció Teclat del tauler de preferències Perfils del Terminal"},"trml20912":{"name":"Definir un avís acústic o visual","searchName":"Definir un avís acústic o visual a Terminal"},"trml15228":{"name":"Canviar el títol que es mostra a la finestra del Terminal"},"apdBC6514EB-E106-4415-94E6-E71192085BC5":{"name":"Veure el contingut d’un arxiu"},"apd1DBE647B-7E11-49DC-AA76-89AA7E53CE36":{"name":"Redirigir l’entrada i la sortida"},"trml5856b1f2":{"name":"Especificar perfils per omissió i d’arrencada"},"trml135fbc26":{"name":"Utilitzar marques i marcadors"},"apd8A205299-1C4C-4845-902A-6190E132B006":{"name":"Buscar text en un arxiu"},"trml11412":{"name":"Visió general de Terminal"},"trmld1f46097":{"name":"Mostrar o ocultar la pantalla alternativa"},"trmlshll":{"name":"Tauler de preferències “Intèrpret d’ordres”","searchName":"Secció “Intèrpret d’ordres” del tauler de preferències Perfils del Terminal"},"trmlwindw":{"name":"Tauler de preferències Finestra","searchName":"Secció Finestra del tauler de preferències Perfils del Terminal"},"trmltxt":{"name":"Tauler de preferències Text","searchName":"Tauler Text de les preferències de Perfils de Terminal"},"apdA49A1BB2-577E-4721-8F25-FFC0836F6997":{"name":"Editar les llistes de propietats"},"trml103":{"name":"Mostrar els caràcters de més bits","searchName":"Mostrar els caràcters de més bits a Terminal"},"apdC6C1077B-5D5D-4D35-9C19-60F2397B2369":{"name":"Gestió dels scripts amb launchd"},"trml104":{"name":"Exportar la configuració del perfil","searchName":"Exportar la configuració de Terminal"},"apd382CC5FA-4F58-4449-B20A-41C53C006F8F":{"name":"Utilitzar variables d’entorn"},"trml106":{"name":"Arrossegar arxius a Terminal per especificar rutes"},"trml113":{"name":"Canviar l’intèrpret d’ordres per omissió","searchName":"Canviar l’intèrpret d’ordres per omissió del Terminal"},"trml107":{"name":"Canviar l’aspecte de les finestres de Terminal"},"trmlstrtup":{"name":"Preferències generals","searchName":"Tauler de preferències General del Terminal"},"trml108":{"name":"Crear tecles de funció personalitzades","searchName":"Crear tecles de funció personalitzades al Terminal"},"trml109":{"name":"Evitar la detecció no desitjada de pulsacions de tecles","searchName":"Evitar la detecció no desitjada de pulsacions de tecles a Terminal"},"apdD556274B-9CC9-4764-BBA8-87610A745747":{"name":"Executar un script de l’intèrpret d’ordres en hores determinades"},"trmlshtcts":{"name":"Dreceres de teclat","searchName":"Dreceres de teclat de Terminal"},"apd5B0B6259-A7D4-4435-947D-0DFF528912BA":{"name":"Ordres que requereixen privilegis d’usuari arrel o d’administrador"},"trml11512":{"name":"Editar les ordres utilitzades anteriorment","searchName":"Editar les ordres utilitzades recentment a Terminal"},"apd3CF6FE02-3EC8-48F1-951F-866E52955FC8":{"name":"Especificar arxius i carpetes"},"trml1001":{"name":"Corregir errors d’escriptura","searchName":"Corregir errors d'escriptura a Terminal"},"trml11513":{"name":"Executar scripts d'AppleScript des de Terminal"},"apdDFB31307-3E90-432F-8AA7-7CBC05DB27F7":{"name":"Traslladar i copiar arxius"},"trml15652":{"name":"Utilitzar grups de finestres","searchName":"Obrir un grup de finestres del Terminal automàticament"},"trml1003":{"name":"Automatitzar tasques amb AppleScript"},"trmladvn":{"name":"Preferències avançades","searchName":"Secció Avançat del tauler de preferències Perfils del Terminal"},"trml35615":{"name":"Si Terminal emet un so d’avís mentre escriviu"},"apd0445A31B-28D0-4AD2-BC19-ABF64F36446B":{"name":"Canviar el disc d’arrencada d’un ordinador remot"},"trml1020":{"name":"Ús de les funcions d’accessibilitat de l’OS X"},"trmlencd":{"name":"Tauler de preferències Codificacions","searchName":"Tauler de preferències Codificacions del Terminal"},"apdB02F1133-25AF-4C65-8976-159609F99817":{"name":"Editors de text de la línia d’ordres","searchName":"Editors de text de la línia d’ordres per a l’OS X Server"},"apd9369B225-34E9-41B4-BC23-53C44B01BC07":{"name":"Apagar ordinadors"},"apdD100908F-06B3-4E63-8A87-32E71241BAB4":{"name":"Convertir un arxiu en executable"},"trmlwrkspc":{"name":"Tauler de preferències “Grups de finestres”","searchName":"Tauler de preferències “Grups de finestres” del Terminal"},"trml15220":{"name":"Habilitar les codificacions de caràcters internacionals","searchName":"Habilitar les codificacions de caràcters internacionals a Terminal"},"trml1031":{"name":"Crear pestanyes en una finestra del Terminal"},"trml1018":{"name":"Connectar-se a servidors","searchName":"Connectar-se a servidors a Terminal"},"trml1032":{"name":"Activar les codificacions de caràcters internacionals","searchName":"Activar les codificacions de caràcters internacionals a Terminal"},"trml1019":{"name":"Copiar text a una finestra del Terminal"},"apdFB88006C-67FB-4982-965E-2E1AF25CD739":{"name":"Informació sobre com utilitzar la línia d’ordres de manera interactiva"},"trml1034":{"name":"Importar un arxiu de configuració","searchName":"Importar un arxiu de configuració de Terminal"},"agi":{"name":"Utilitzar les dreceres del Terminal","searchName":"Utilitzar les dreceres de teclat del Terminal de l’OS X"},"trmltab":{"name":"Tauler de preferències Pestanya","searchName":"Secció Pestanya del tauler de preferències Perfils del Terminal"},"apdC52250EE-4659-4751-9A3A-8B7988150530":{"name":"Comprimir i descomprimir fitxers arxivats"}},"copyright_text":"Copyright © 2016 Apple Inc. Tots els drets reservats."}