{"css":"","framework":"duck-10.0.0","title":"A Terminal súgója","build_id":"5748ce53094622ab1714cc47","icon":"..\/SharedGlobalArt\/AppIconDefault_Terminal.png","sections":{"trml6dee242c":{"name":"Automatizálás és a parancsfájlok használata","children":["apd53500956-7C5B-496B-A362-2845F2AAB4BC","apdD100908F-06B3-4E63-8A87-32E71241BAB4","apdC6C1077B-5D5D-4D35-9C19-60F2397B2369","apdD556274B-9CC9-4764-BBA8-87610A745747","trml1003","trml11513"]},"trml2a13d2ad":{"name":"A Terminal-ablakok használata","children":["apd5265185D-F365-44CB-8B09-71A064A42125","apdB66B5242-0D18-49FC-9C47-A2498B7C91D5","apd3CF6FE02-3EC8-48F1-951F-866E52955FC8","apd1DBE647B-7E11-49DC-AA76-89AA7E53CE36","trml1001","trml106","trml15652"]},"trml2d2340ac":{"name":"Felhasználói profilok","children":["trmlbe278009","trml5856b1f2","trmlb20c7888","trml107","trml20912","trml15233","trml4299c696"]}},"birdseed_version":5,"toc":["trml11412","trml2a13d2ad","trml2d2340ac","trml6dee242c","trmlshtcts"],"locale":"hu","version":"10.12","enable_tracking":false,"source_schema":"apd-schema","platform":"mac","build_date":"2016.05.27-16:34:08","landing":"trml35501","product":"terminal","urls":{},"copyright":"","show_previous_next":false,"topics":{"apd53500956-7C5B-496B-A362-2845F2AAB4BC":{"name":"A rendszerhéj-parancsfájlok","searchName":"A rendszerhéj-parancsfájlok"},"trmlbe278009":{"name":"Profilok létrehozása és kezelése"},"apdA3571AFE-48E3-4B52-BEC9-5D80327F2063":{"name":"A firmware NVRAM-változóinak módosítása"},"apd7D247A89-3560-4C3B-A471-3E66FF607040":{"name":"Számítógépek újraindítása"},"trml15233":{"name":"Az egyes munkamenetekben megőrzött sorok számának korlátozása","searchName":"A Terminal ablakokban megőrizhető szövegmennyiség módosítása"},"trml35501":{"name":"A Terminal súgója","href":"trml35501.html","categories":["landing"]},"apd5265185D-F365-44CB-8B09-71A064A42125":{"name":"Hozzáférés a rendszerhéjhoz","searchName":"Hozzáférés a rendszerhéjhoz a Terminal alkalmazás használatával"},"trmlb20c7888":{"name":"Ablakok és -lapok megnyitása","searchName":"Terminálablakok és -lapok megnyitása"},"trml15226":{"name":"A kurzor módosítása","searchName":"A kurzor módosítása a Terminal alkalmazásban"},"apdB66B5242-0D18-49FC-9C47-A2498B7C91D5":{"name":"Parancsok végrehajtása és eszközök futtatása"},"trml6909054d":{"name":"Írja be a jelszót a Terminal ablakba","searchName":"Adja meg a jelszót a Terminalban"},"trml4299c696":{"name":"Profilok importálása és exportálása","searchName":"Terminal beállításainak importálása és exportálása"},"trmlc69728a5":{"name":"Egér jelentéskészítésének engedélyezése","searchName":"Egér jelentéskészítésének bekapcsolása a Terminalban"},"trmlkbrd":{"name":"Billentyűzetbeállítások","searchName":"A Terminal Profilok beállításainak Billentyűzet panelje"},"trml20912":{"name":"Vizuális vagy hangjelzéses figyelmeztetés beállítása","searchName":"Vizuális vagy hangjelzéses figyelmeztetés beállítása a Terminal alkalmazásban"},"trml15228":{"name":"A Terminal ablakban megjelenített cím módosítása"},"apdBC6514EB-E106-4415-94E6-E71192085BC5":{"name":"Fájltartalmak megtekintése"},"apd1DBE647B-7E11-49DC-AA76-89AA7E53CE36":{"name":"Bemenet és kimenet átirányítása"},"trml5856b1f2":{"name":"Alapértelmezett és indítóprofilok megadása"},"trml135fbc26":{"name":"Jelek és könyvjelzők használata"},"apd8A205299-1C4C-4845-902A-6190E132B006":{"name":"Szöveg keresése egy fájlban"},"trml11412":{"name":"A Terminal áttekintése"},"trmld1f46097":{"name":"Helyettesítő képernyő megjelenítése vagy elrejtése"},"trmlshll":{"name":"Rendszerhéj beállításai","searchName":"A Terminal Profilok beállításainak Rendszerhéj panelje"},"trmlwindw":{"name":"Ablakbeállítások","searchName":"A Terminal Profilok beállításainak Ablak panelje"},"trmltxt":{"name":"Szöveg beállításai","searchName":"A Terminal Profilok beállításainak Szöveg panelje"},"apdA49A1BB2-577E-4721-8F25-FFC0836F6997":{"name":"Tulajdonságlisták szerkesztése"},"trml103":{"name":"A bitkódtartomány felső részébe tartozó karakterek megjelenítése","searchName":"A bitkódtartomány felső részébe tartozó karakterek megjelenítése a Terminal alkalmazásban"},"apdC6C1077B-5D5D-4D35-9C19-60F2397B2369":{"name":"Parancsfájlok kezelése a launchd paranccsal"},"trml104":{"name":"Profilbeállítások exportálása","searchName":"Terminal-beállítások exportálása"},"apd382CC5FA-4F58-4449-B20A-41C53C006F8F":{"name":"Környezeti változók használata"},"trml106":{"name":"Fájlok húzása a Terminal alkalmazásba az útvonalak megadásához"},"trml113":{"name":"Az alapértelmezett rendszerhéj módosítása","searchName":"Az alapértelmezett rendszerhéj módosítása a Terminal alkalmazásban"},"trml107":{"name":"A Terminal ablakok megjelenésének módosítása"},"trmlstrtup":{"name":"Általános beállítások","searchName":"Általános beállítások a Terminalban"},"trml108":{"name":"Egyéni funkcióbillentyűk létrehozása","searchName":"Egyéni funkcióbillentyűk létrehozása a Terminal alkalmazásban"},"trml109":{"name":"Leütések nem kívánt észlelésének kiküszöbölése","searchName":"Leütések nem kívánt észlelésének kiküszöbölése a Terminal alkalmazásban"},"apdD556274B-9CC9-4764-BBA8-87610A745747":{"name":"Rendszerhéj-parancsfájlok futtatása adott időpontokban"},"trmlshtcts":{"name":"Billentyűparancsok","searchName":"Terminal keyboard shortcuts"},"apd5B0B6259-A7D4-4435-947D-0DFF528912BA":{"name":"Root vagy rendszergazdai jogosultságokat igénylő parancsok"},"trml11512":{"name":"Az előzőekben használt parancsok szerkesztése","searchName":"A Terminal alkalmazásban legutóbb használt parancsok szerkesztése"},"apd3CF6FE02-3EC8-48F1-951F-866E52955FC8":{"name":"Fájlok és mappák meghatározása"},"trml1001":{"name":"Elírások javítása","searchName":"Elírások javítása a Terminal alkalmazásban"},"trml11513":{"name":"AppleScript parancsfájlok futtatása a Terminal alkalmazásból"},"apdDFB31307-3E90-432F-8AA7-7CBC05DB27F7":{"name":"Fájlok áthelyezése és másolása"},"trml15652":{"name":"Ablakcsoportok használata","searchName":"Terminal ablakok egy csoportjának automatikus megnyitása"},"trml1003":{"name":"Feladatok automatizálása az AppleScript segítségével"},"trmladvn":{"name":"Haladó beállítások","searchName":"A Terminal Profilok beállításainak Haladó panelje"},"trml35615":{"name":"Ha a Terminal sípol gépelés közben"},"apd0445A31B-28D0-4AD2-BC19-ABF64F36446B":{"name":"Távoli számítógép indítólemezének módosítása"},"trml1020":{"name":"Az OS X kisegítő lehetőségeinek használata"},"trmlencd":{"name":"Kódolások beállításai","searchName":"Kódolások beállításai a Terminalban"},"apdB02F1133-25AF-4C65-8976-159609F99817":{"name":"Parancssoros szövegszerkesztők","searchName":"Parancssoros szövegszerkesztők az OS X Serverhez"},"apd9369B225-34E9-41B4-BC23-53C44B01BC07":{"name":"A számítógépek leállítása"},"apdD100908F-06B3-4E63-8A87-32E71241BAB4":{"name":"Fájl végrehajthatóvá tétele"},"trmlwrkspc":{"name":"Ablakcsoportok beállításai","searchName":"A Terminal Ablakcsoportok beállításai"},"trml15220":{"name":"Nemzetközi karakterkódolások engedélyezése","searchName":"Nemzetközi karakterkódolások engedélyezése a Terminal alkalmazásban"},"trml1031":{"name":"Lapok létrehozása a Terminal-ablakban"},"trml1018":{"name":"Csatlakozás kiszolgálókhoz","searchName":"Csatlakozás kiszolgálókhoz a Terminal alkalmazásban"},"trml1032":{"name":"Nemzetközi karakterkódolások aktiválása","searchName":"Nemzetközi karakterkódolások aktiválása a Terminal alkalmazásban"},"trml1019":{"name":"Szöveg másolása a Terminal ablakba"},"apdFB88006C-67FB-4982-965E-2E1AF25CD739":{"name":"A parancssor interaktív használatának bemutatása"},"trml1034":{"name":"Beállításfájl importálása","searchName":"Terminal-beállításfájl importálása"},"agi":{"name":"Terminal-billentyűparancsok használata","searchName":"Terminal-billentyűparancsok használata a az OS X rendszerben"},"trmltab":{"name":"Lap beállításai","searchName":"A Terminal Profilok beállításainak Lap panelje"},"apdC52250EE-4659-4751-9A3A-8B7988150530":{"name":"Fájlarchívumok tömörítése és kicsomagolása"}},"copyright_text":"Copyright © 2016 Apple Inc. Minden jog fenntartva."}