{"css":"","framework":"duck-10.0.0","title":"Bantuan Terminal","build_id":"57589776680ce29c05fb6e6f","icon":"..\/SharedGlobalArt\/AppIconDefault_Terminal.png","sections":{"trml6dee242c":{"name":"Gunakan automasi dan skrip","children":["apd53500956-7C5B-496B-A362-2845F2AAB4BC","apdD100908F-06B3-4E63-8A87-32E71241BAB4","apdC6C1077B-5D5D-4D35-9C19-60F2397B2369","apdD556274B-9CC9-4764-BBA8-87610A745747","trml1003","trml11513"]},"trml2a13d2ad":{"name":"Berfungsi dalam tetingkap Terminal","children":["apd5265185D-F365-44CB-8B09-71A064A42125","apdB66B5242-0D18-49FC-9C47-A2498B7C91D5","apd3CF6FE02-3EC8-48F1-951F-866E52955FC8","apd1DBE647B-7E11-49DC-AA76-89AA7E53CE36","trml1001","trml106","trml15652"]},"trml2d2340ac":{"name":"Gunakan profil","children":["trmlbe278009","trml5856b1f2","trmlb20c7888","trml107","trml20912","trml15233","trml4299c696"]}},"birdseed_version":5,"toc":["trml11412","trml2a13d2ad","trml2d2340ac","trml6dee242c","trmlshtcts"],"locale":"ms","version":"10.12","enable_tracking":false,"source_schema":"apd-schema","platform":"mac","build_date":"2016.06.08-15:30:14","landing":"trml35501","product":"terminal","urls":{},"copyright":"","show_previous_next":false,"topics":{"apd53500956-7C5B-496B-A362-2845F2AAB4BC":{"name":"Perihal skrip cangkerang","searchName":"Perihal skrip cangkerang"},"trmlbe278009":{"name":"Cipta dan uruskan profil"},"apdA3571AFE-48E3-4B52-BEC9-5D80327F2063":{"name":"Manipulasikan pembolehubah NVRAM perisian tegar"},"apd7D247A89-3560-4C3B-A471-3E66FF607040":{"name":"Mulakan semula komputer"},"trml15233":{"name":"Hadkan bilangan baris yang dikekalkan dalam satu sesi","searchName":"Ubah suai jumlah teks dikekalkan dalam tetingkap Terminal"},"trml35501":{"name":"Bantuan Terminal","href":"trml35501.html","categories":["landing"]},"apd5265185D-F365-44CB-8B09-71A064A42125":{"name":"Akses cangkerang","searchName":"Akses cangkerang dengan aplikasi Terminal"},"trmlb20c7888":{"name":"Buka tetingkap dan tab","searchName":"Buka tetingkap dan tab terminal"},"trml15226":{"name":"Ubah kursor","searchName":"Ubah kursor dalam Terminal"},"apdB66B5242-0D18-49FC-9C47-A2498B7C91D5":{"name":"Laksanakan perintah dan jalankan alat"},"trml6909054d":{"name":"Masukkan kata laluan dalam tetingkap Terminal","searchName":"Masukkan kata laluan dalam Terminal"},"trml4299c696":{"name":"Import dan eksport profil","searchName":"Import dan eksport seting Terminal"},"trmlc69728a5":{"name":"Benarkan pelaporan tetikus","searchName":"Aktifkan Pelaporan Tetikus dalam Terminal"},"trmlkbrd":{"name":"Keutamaan papan kekunci","searchName":"Anak tetingkap papan kekunci dari keutamaan Profil dalam Terminal"},"trml20912":{"name":"Tetapkan isyarat audio atau visual","searchName":"Tetapkan isyarat audio atau visual dalam Terminal"},"trml15228":{"name":"Ubah tajuk yang ditunjukkan dalam tetingkap Terminal"},"apdBC6514EB-E106-4415-94E6-E71192085BC5":{"name":"Lihat kandungan fail"},"apd1DBE647B-7E11-49DC-AA76-89AA7E53CE36":{"name":"Hala semula input dan output"},"trml5856b1f2":{"name":"Tentukan profil lalai dan permulaan"},"trml135fbc26":{"name":"Gunakan penanda dan penanda buku"},"apd8A205299-1C4C-4845-902A-6190E132B006":{"name":"Cari teks di dalam fail"},"trml11412":{"name":"Gambaran keseluruhan Terminal"},"trmld1f46097":{"name":"Papar atau sembunyi skrin alternatif"},"trmlshll":{"name":"Keutamaan cangkerang","searchName":"Anak tetingkap cangkerang dari keutamaan Profil dalam Terminal"},"trmlwindw":{"name":"Keutamaan Tetingkap","searchName":"Anak tetingkap Window dari keutamaan Profil dalam Terminal"},"trmltxt":{"name":"Keutamaan teks","searchName":"Anak tetingkap Teks dari keutamaan Profil dalam Terminal"},"apdA49A1BB2-577E-4721-8F25-FFC0836F6997":{"name":"Edit senarai sifat"},"trml103":{"name":"Paparkan aksara bit-tinggi","searchName":"Paparkan aksara bit-tinggi dalam Terminal"},"apdC6C1077B-5D5D-4D35-9C19-60F2397B2369":{"name":"Pengurusan skrip dengan launchd"},"trml104":{"name":"Eksport tetapan profil","searchName":"Eksport tetapan Terminal"},"apd382CC5FA-4F58-4449-B20A-41C53C006F8F":{"name":"Gunakan pembolehubah persekitaran"},"trml106":{"name":"Seret fail ke dalam Terminal untuk menentukan laluan"},"trml113":{"name":"Tukar cangkerang lalai","searchName":"Tukar cangkerang lalai dalam Terminal"},"trml107":{"name":"Tukar penampilan tetingkap Terminal"},"trmlstrtup":{"name":"Keutamaan umum","searchName":"Keutamaan Umum dalam Terminal"},"trml108":{"name":"Mencipta kekunci fungsi khusus","searchName":"Cipta kekunci fungsi khusus dalam Terminal"},"trml109":{"name":"Mencegah pengimlakan tidak dikehendaki dari ketukan kekunci","searchName":"Mencegah pengimlakan tidak dikehendaki dari ketukan kekunci dalam Terminal"},"apdD556274B-9CC9-4764-BBA8-87610A745747":{"name":"Jalankan skrip cangkerang pada masa tertentu"},"trmlshtcts":{"name":"Pintasan papan kekunci","searchName":"Terminal keyboard shortcuts"},"apd5B0B6259-A7D4-4435-947D-0DFF528912BA":{"name":"Perintah memerlukan keistimewaan akar atau pentadbir"},"trml11512":{"name":"Edit perintah yang digunakan sebelumnya","searchName":"Edit terbaru gunakan perintah dalam Terminal"},"apd3CF6FE02-3EC8-48F1-951F-866E52955FC8":{"name":"Tentukan fail dan folder"},"trml1001":{"name":"Membetulkan ralat penaipan","searchName":"Membetulkan ralat penaipan dalam Terminal"},"trml11513":{"name":"Jalankan skrip AppleScript dari Terminal"},"apdDFB31307-3E90-432F-8AA7-7CBC05DB27F7":{"name":"Alih dan salin fail"},"trml15652":{"name":"Gunakan kumpulan tetingkap","searchName":"Buka kumpulan tetingkap Terminal secara automatik"},"trml1003":{"name":"Automatikkan tugas menggunakan AppleScript"},"trmladvn":{"name":"Keutamaan lanjutan","searchName":"Anak tetingkap lanjutan dari keutamaan Profil dalam Terminal"},"trml35615":{"name":"Jika Terminal mengeluarkan bunyi bip ketika anda menaip"},"apd0445A31B-28D0-4AD2-BC19-ABF64F36446B":{"name":"Tukar cakera permulaan komputer jauh"},"trml1020":{"name":"Gunakan ciri kebolehcapaian OS X"},"trmlencd":{"name":"Keutamaan Pengekodan","searchName":"Keutamaan Pengekodan dalam Terminal"},"apdB02F1133-25AF-4C65-8976-159609F99817":{"name":"Editor teks baris perintah","searchName":"Editor teks baris perintah OS X Server"},"apd9369B225-34E9-41B4-BC23-53C44B01BC07":{"name":"Tutup komputer"},"apdD100908F-06B3-4E63-8A87-32E71241BAB4":{"name":"Jadikan fail ini boleh laksana"},"trmlwrkspc":{"name":"Keutamaan Kumpulan Tetingkap","searchName":"Keutamaan Kumpulan Tetingkap dalam Terminal"},"trml15220":{"name":"Dayakan pengekodan aksara antarabangsa","searchName":"Dayakan pengekodan aksara antarabangsa dalam Terminal"},"trml1031":{"name":"Cipta tab dalam tetingkap Terminal"},"trml1018":{"name":"Sambung ke pelayan","searchName":"Sambung ke pelayan dalam Terminal"},"trml1032":{"name":"Aktifkan pengekodan aksara antarabangsa","searchName":"Aktifkan pengekodan aksara antarabangsa dalam Terminal"},"trml1019":{"name":"Salin teks ke dalam tetingkap Terminal"},"apdFB88006C-67FB-4982-965E-2E1AF25CD739":{"name":"Perihal menggunakan baris perintah secara interaktif"},"trml1034":{"name":"Import fail tetapan","searchName":"Import fail tetapan Terminal"},"agi":{"name":"Gunakan pintasan Terminal","searchName":"Gunakan pintasan Terminal dalam OS X"},"trmltab":{"name":"Keutamaan tab","searchName":"Anak tetingkap tab dari keutamaan Profil dalam Terminal"},"apdC52250EE-4659-4751-9A3A-8B7988150530":{"name":"Mampatkan dan nyahmampatkan arkib fail"}},"copyright_text":"Hak Cipta © 2016 Apple Inc. Hak cipta terpelihara."}