{"css":"","framework":"duck-10.0.0","title":"Hjælp til Terminal","build_id":"5748ce54094622ab1714cc4e","icon":"..\/SharedGlobalArt\/AppIconDefault_Terminal.png","sections":{"trml6dee242c":{"name":"Brug automatiske opgaver og instrukser","children":["apd53500956-7C5B-496B-A362-2845F2AAB4BC","apdD100908F-06B3-4E63-8A87-32E71241BAB4","apdC6C1077B-5D5D-4D35-9C19-60F2397B2369","apdD556274B-9CC9-4764-BBA8-87610A745747","trml1003","trml11513"]},"trml2a13d2ad":{"name":"Arbejd i Terminal-vinduer","children":["apd5265185D-F365-44CB-8B09-71A064A42125","apdB66B5242-0D18-49FC-9C47-A2498B7C91D5","apd3CF6FE02-3EC8-48F1-951F-866E52955FC8","apd1DBE647B-7E11-49DC-AA76-89AA7E53CE36","trml1001","trml106","trml15652"]},"trml2d2340ac":{"name":"Brug beskrivelser","children":["trmlbe278009","trml5856b1f2","trmlb20c7888","trml107","trml20912","trml15233","trml4299c696"]}},"birdseed_version":5,"toc":["trml11412","trml2a13d2ad","trml2d2340ac","trml6dee242c","trmlshtcts"],"locale":"da","version":"10.12","enable_tracking":false,"source_schema":"apd-schema","platform":"mac","build_date":"2016.05.27-16:42:06","landing":"trml35501","product":"terminal","urls":{},"copyright":"","show_previous_next":false,"topics":{"apd53500956-7C5B-496B-A362-2845F2AAB4BC":{"name":"Om shell-instrukser","searchName":"Om shell-instrukser"},"trmlbe278009":{"name":"Opret og administrer beskrivelser"},"apdA3571AFE-48E3-4B52-BEC9-5D80327F2063":{"name":"Bearbejd firmwarevariabler til NVRAM"},"apd7D247A89-3560-4C3B-A471-3E66FF607040":{"name":"Start computere igen"},"trml15233":{"name":"Begræns antallet af rækker, som bevares i en session","searchName":"Rediger den mængde tekst, der bevares i et Terminal-vindue"},"trml35501":{"name":"Hjælp til Terminal","href":"trml35501.html","categories":["landing"]},"apd5265185D-F365-44CB-8B09-71A064A42125":{"name":"Få adgang til shell","searchName":"Få adgang til shell med programmet Terminal"},"trmlb20c7888":{"name":"Åbn vinduer og faner","searchName":"Åbn Terminal-vinduer og -faner"},"trml15226":{"name":"Skift markøren","searchName":"Skift markøren i Terminal"},"apdB66B5242-0D18-49FC-9C47-A2498B7C91D5":{"name":"Udfør kommandoer og start værktøjer"},"trml6909054d":{"name":"Skriv en adgangskode i Terminal-vinduet","searchName":"Skriv en adgangskode i Terminal"},"trml4299c696":{"name":"Importer og eksporter beskrivelser","searchName":"Importer og eksporter Terminal-indstillinger"},"trmlc69728a5":{"name":"Tillad feedback fra mus","searchName":"Slå feedback fra mus til i Terminal"},"trmlkbrd":{"name":"Vinduet Tastatur","searchName":"Vinduet Tastatur i indstillingerne til Beskrivelser i Terminal"},"trml20912":{"name":"Indstil en visuel alarm eller en lydalarm","searchName":"Indstil en visuel alarm eller en lydalarm i Terminal"},"trml15228":{"name":"Skift den titel, der vises i et Terminal-vindue"},"apdBC6514EB-E106-4415-94E6-E71192085BC5":{"name":"Se arkivindhold"},"apd1DBE647B-7E11-49DC-AA76-89AA7E53CE36":{"name":"Omdiriger input og resultat"},"trml5856b1f2":{"name":"Angiv standard- og startbeskrivelser"},"trml135fbc26":{"name":"Brug mærker og bogmærker"},"apd8A205299-1C4C-4845-902A-6190E132B006":{"name":"Søg efter tekst i et arkiv"},"trml11412":{"name":"Oversigt over Terminal"},"trmld1f46097":{"name":"Vis eller skjul den anden skærm"},"trmlshll":{"name":"Indstillinger til shell","searchName":"Vinduet Shell i indstillingerne til Beskrivelser i Terminal"},"trmlwindw":{"name":"Indstillinger til vinduer","searchName":"Vinduet Tekst i indstillingerne til Beskrivelser i Terminal"},"trmltxt":{"name":"Tekstindstillinger…","searchName":"Vinduet Tekst i indstillingerne til Beskrivelser i Terminal"},"apdA49A1BB2-577E-4721-8F25-FFC0836F6997":{"name":"Rediger egenskabslister"},"trml103":{"name":"Vis high-bit tegn","searchName":"Vis high-bit tegn i Terminal"},"apdC6C1077B-5D5D-4D35-9C19-60F2397B2369":{"name":"Instruksadministration med launchd"},"trml104":{"name":"Eksporter beskrivelsesindstillinger","searchName":"Eksporter Terminal-indstillinger"},"apd382CC5FA-4F58-4449-B20A-41C53C006F8F":{"name":"Brug miljøvariabler"},"trml106":{"name":"Træk arkiver til Terminal for at anføre stier"},"trml113":{"name":"Skift standard-shell","searchName":"Skift standard-shell i Terminal"},"trml107":{"name":"Skift udseende på Terminal-vinduer"},"trmlstrtup":{"name":"Vinduet Generelt","searchName":"Generelle indstillinger i Terminal"},"trml108":{"name":"Opret specielle funktionstaster","searchName":"Opret specielle funktionstaster i Terminal"},"trml109":{"name":"Undgå uønsket registrering af tastetryk","searchName":"Undgå uønsket registrering af tastetryk i Terminal"},"apdD556274B-9CC9-4764-BBA8-87610A745747":{"name":"Start en shell-instruks på bestemte tidspunkter"},"trmlshtcts":{"name":"Tastaturgenveje","searchName":"Terminal keyboard shortcuts"},"apd5B0B6259-A7D4-4435-947D-0DFF528912BA":{"name":"Kommandoer, der kræver root- eller administratortilladelser"},"trml11512":{"name":"Rediger tidligere brugte kommandoer","searchName":"Rediger nyligt brugte kommandoer i Terminal"},"apd3CF6FE02-3EC8-48F1-951F-866E52955FC8":{"name":"Anfør arkiver og mapper"},"trml1001":{"name":"Ret slåfejl","searchName":"Ret slåfejl i Terminal"},"trml11513":{"name":"Start AppleScript-instrukser fra Terminal"},"apdDFB31307-3E90-432F-8AA7-7CBC05DB27F7":{"name":"Flyt og kopier arkiver"},"trml15652":{"name":"Brug vinduesgrupper","searchName":"Åbn en gruppe Terminal-vinduer automatisk"},"trml1003":{"name":"Automatiser opgaver vha. AppleScript "},"trmladvn":{"name":"Vinduet Avanceret","searchName":"Vinduet Avanceret i indstillingerne til Beskrivelser i Terminal"},"trml35615":{"name":"Hvis Terminal bipper, mens du skriver"},"apd0445A31B-28D0-4AD2-BC19-ABF64F36446B":{"name":"Skift startdisk på en ekstern computer"},"trml1020":{"name":"Brug funktioner til tilgængelighed i OS X"},"trmlencd":{"name":"Indstillinger til kodninger","searchName":"Indstillinger til kodninger i Terminal"},"apdB02F1133-25AF-4C65-8976-159609F99817":{"name":"Kommandolinjeværktøjer til tekst","searchName":"Kommandolinjeværktøjer til tekst i OS X Server"},"apd9369B225-34E9-41B4-BC23-53C44B01BC07":{"name":"Luk computere ned"},"apdD100908F-06B3-4E63-8A87-32E71241BAB4":{"name":"Gør et arkiv til et program"},"trmlwrkspc":{"name":"Indstillinger til vinduesgrupper","searchName":"Indstillinger til vinduesgrupper i Terminal"},"trml15220":{"name":"Slå internationale tegnkodninger til","searchName":"Slå internationale tegnkodninger til i Terminal"},"trml1031":{"name":"Opret faner i et Terminal-vindue"},"trml1018":{"name":"Opret forbindelse til servere","searchName":"Opret forbindelse til servere i Terminal"},"trml1032":{"name":"Slå internationale tegnkodninger til","searchName":"Slå internationale tegnkodninger til i Terminal"},"trml1019":{"name":"Kopier tekst til et Terminal-vindue"},"apdFB88006C-67FB-4982-965E-2E1AF25CD739":{"name":"Om interaktiv brug af kommandolinjen"},"trml1034":{"name":"Importer et indstillingsarkiv","searchName":"Importer et Terminal-indstillingsarkiv"},"agi":{"name":"Brug Terminal-genveje","searchName":"Brug Terminal-genveje i OS X"},"trmltab":{"name":"Indstillinger til faner","searchName":"Vinduet Fane i indstillingerne til Beskrivelser i Terminal"},"apdC52250EE-4659-4751-9A3A-8B7988150530":{"name":"Komprimer og dekomprimer arkiver"}},"copyright_text":"Copyright © 2016 Apple Inc. Alle rettigheder forbeholdes."}