{"css":"","framework":"duck-10.0.0","title":"Ajutor Terminal","build_id":"5748ce52094622ab1714cc40","icon":"..\/SharedGlobalArt\/AppIconDefault_Terminal.png","sections":{"trml6dee242c":{"name":"Utilizarea automatizării și a scripturilor","children":["apd53500956-7C5B-496B-A362-2845F2AAB4BC","apdD100908F-06B3-4E63-8A87-32E71241BAB4","apdC6C1077B-5D5D-4D35-9C19-60F2397B2369","apdD556274B-9CC9-4764-BBA8-87610A745747","trml1003","trml11513"]},"trml2a13d2ad":{"name":"Lucrul în ferestrele Terminal","children":["apd5265185D-F365-44CB-8B09-71A064A42125","apdB66B5242-0D18-49FC-9C47-A2498B7C91D5","apd3CF6FE02-3EC8-48F1-951F-866E52955FC8","apd1DBE647B-7E11-49DC-AA76-89AA7E53CE36","trml1001","trml106","trml15652"]},"trml2d2340ac":{"name":"Utilizarea profilurilor","children":["trmlbe278009","trml5856b1f2","trmlb20c7888","trml107","trml20912","trml15233","trml4299c696"]}},"birdseed_version":5,"toc":["trml11412","trml2a13d2ad","trml2d2340ac","trml6dee242c","trmlshtcts"],"locale":"ro","version":"10.12","enable_tracking":false,"source_schema":"apd-schema","platform":"mac","build_date":"2016.05.27-16:29:06","landing":"trml35501","product":"terminal","urls":{},"copyright":"","show_previous_next":false,"topics":{"apd53500956-7C5B-496B-A362-2845F2AAB4BC":{"name":"Despre scripturile shell","searchName":"Despre scripturile shell"},"trmlbe278009":{"name":"Crearea și gestionarea profilurilor"},"apdA3571AFE-48E3-4B52-BEC9-5D80327F2063":{"name":"Manipularea variabilelor NVRAM ale firmware-ului"},"apd7D247A89-3560-4C3B-A471-3E66FF607040":{"name":"Repornirea computerelor"},"trml15233":{"name":"Limitarea numărului de rânduri reținute într-o sesiune","searchName":"Modificarea cantității de text reținut într-o fereastră Terminal"},"trml35501":{"name":"Ajutor Terminal","href":"trml35501.html","categories":["landing"]},"apd5265185D-F365-44CB-8B09-71A064A42125":{"name":"Accesarea shellului","searchName":"Accesarea shellului cu aplicația Terminal"},"trmlb20c7888":{"name":"Deschiderea ferestrelor și filelor","searchName":"Deschiderea ferestrelor și filelor Terminal"},"trml15226":{"name":"Schimbarea cursorului","searchName":"Schimbarea cursorului în Terminal"},"apdB66B5242-0D18-49FC-9C47-A2498B7C91D5":{"name":"Executarea comenzilor și rularea instrumentelor"},"trml6909054d":{"name":"Introduceți o parolă în fereastra Terminal","searchName":"Introduceți o parolă în Terminal"},"trml4299c696":{"name":"Importarea și exportarea profilurilor","searchName":"Importarea și exportarea configurărilor Terminal"},"trmlc69728a5":{"name":"Autorizarea raportării mausului","searchName":"Activarea raportării mausului în Terminal"},"trmlkbrd":{"name":"Preferințele Tastatură","searchName":"Panoul Tastatură al preferințelor Profiluri din Terminal"},"trml20912":{"name":"Configurarea unei alerte audio sau vizuale","searchName":"Configurarea unei alerte audio sau vizuale în Terminal"},"trml15228":{"name":"Schimbarea titlului afișat în fereastra Terminal"},"apdBC6514EB-E106-4415-94E6-E71192085BC5":{"name":"Vizualizarea conținutului fișierului"},"apd1DBE647B-7E11-49DC-AA76-89AA7E53CE36":{"name":"Redirecționarea intrării sau ieșirii"},"trml5856b1f2":{"name":"Specificarea profilurilor implicite și de inițializare"},"trml135fbc26":{"name":"Utilizarea marcajelor și semnelor de carte"},"apd8A205299-1C4C-4845-902A-6190E132B006":{"name":"Căutați text într-un fișier"},"trml11412":{"name":"Prezentare generală Terminal"},"trmld1f46097":{"name":"Afișarea sau ascunderea ecranului alternativ"},"trmlshll":{"name":"Preferințele Shell","searchName":"Panoul Shell al preferințelor Profiluri din Terminal"},"trmlwindw":{"name":"Preferințele Fereastră","searchName":"Panoul Fereastră al preferințelor Profiluri din Terminal"},"trmltxt":{"name":"Preferințele Text","searchName":"Panoul Text al preferințelor Profiluri din Terminal"},"apdA49A1BB2-577E-4721-8F25-FFC0836F6997":{"name":"Modificarea listei de proprietăți"},"trml103":{"name":"Afișarea caractere pe un număr mare de biți","searchName":"Afișarea caracterelor pe un număr mare de biți în Terminal"},"apdC6C1077B-5D5D-4D35-9C19-60F2397B2369":{"name":"Managementul scriptului cu launchd"},"trml104":{"name":"Exportul configurărilor profilului","searchName":"Exportarea configurările din Terminal"},"apd382CC5FA-4F58-4449-B20A-41C53C006F8F":{"name":"Utilizarea variabilelor de mediu"},"trml106":{"name":"Tragerea fișierelor în Terminal pentru specificarea căilor"},"trml113":{"name":"Schimbarea shellului implicit","searchName":"Schimbarea shellului implicit în Terminal"},"trml107":{"name":"Schimbarea aspectului ferestrelor Terminal"},"trmlstrtup":{"name":"Preferințe generale","searchName":"Preferințele generale din Terminal"},"trml108":{"name":"Crearea tastelor funcționale personalizate","searchName":"Creați taste funcționale personalizate în Terminal"},"trml109":{"name":"Prevenirea detectării nedorite a apăsărilor de taste","searchName":"Prevenirea detectării nedorite a apăsărilor de taste în Terminal"},"apdD556274B-9CC9-4764-BBA8-87610A745747":{"name":"Rularea unui script de shell la ore specifice"},"trmlshtcts":{"name":"Scurtături din tastatură","searchName":"Terminal keyboard shortcuts"},"apd5B0B6259-A7D4-4435-947D-0DFF528912BA":{"name":"Comenzi care necesită privilegii rădăcină sau administrator"},"trml11512":{"name":"Editarea comenzilor utilizate anterior","searchName":"Editarea comenzilor utilizate recent în Terminal"},"apd3CF6FE02-3EC8-48F1-951F-866E52955FC8":{"name":"Specificarea fișierelor și dosarelor"},"trml1001":{"name":"Corectarea erorilor de tastare","searchName":"Corectarea erorilor de tastare în Terminal"},"trml11513":{"name":"Rularea scripturilor AppleScript în Terminal"},"apdDFB31307-3E90-432F-8AA7-7CBC05DB27F7":{"name":"Mutarea și copierea fișierelor"},"trml15652":{"name":"Utilizarea grupurilor de ferestre","searchName":"Deschiderea automată a unui grup de ferestre Terminal"},"trml1003":{"name":"Automatizarea sarcinilor utilizând AppleScript"},"trmladvn":{"name":"Preferințe avansate","searchName":"Panoul Avansat al preferințelor Profiluri din Terminal"},"trml35615":{"name":"Dacă Terminal emite bipuri în timpul scrierii"},"apd0445A31B-28D0-4AD2-BC19-ABF64F36446B":{"name":"Schimbarea discului de inițiere a computerului la distanță"},"trml1020":{"name":"Utilizați funcțiile de accesibilitate ale OS X"},"trmlencd":{"name":"Preferințele Codări","searchName":"Preferințele Codări din Terminal"},"apdB02F1133-25AF-4C65-8976-159609F99817":{"name":"Editoare de text în linie de comandă","searchName":"Editoare de text în linie de comandă pentru OS X Server"},"apd9369B225-34E9-41B4-BC23-53C44B01BC07":{"name":"Oprirea computerelor"},"apdD100908F-06B3-4E63-8A87-32E71241BAB4":{"name":"Definirea unui fișier ca executabil"},"trmlwrkspc":{"name":"Preferințele Grupuri de ferestre","searchName":"Preferințele Grupuri de ferestre din Terminal"},"trml15220":{"name":"Activarea codărilor de caractere internaționale","searchName":"Activarea codărilor de caractere internaționale în Terminal"},"trml1031":{"name":"Crearea filelor în fereastra Terminal"},"trml1018":{"name":"Conectarea la servere","searchName":"Conectați-vă la servere în Terminal"},"trml1032":{"name":"Activarea codărilor de caractere internaționale","searchName":"Activarea codărilor de caractere internaționale în Terminal"},"trml1019":{"name":"Copierea textului în fereastra Terminal"},"apdFB88006C-67FB-4982-965E-2E1AF25CD739":{"name":"Despre utilizarea liniei de comandă în mod interactiv"},"trml1034":{"name":"Importarea unui fișier de configurări","searchName":"Importați un fișier de configurări în Terminal"},"agi":{"name":"Utilizarea scurtăturilor Terminal","searchName":"Utilizarea scurtăturilor Terminal în OS X"},"trmltab":{"name":"Preferințele Filă","searchName":"Panoul Filă al preferințelor Profiluri din Terminal"},"apdC52250EE-4659-4751-9A3A-8B7988150530":{"name":"Comprimarea și decomprimarea arhivelor fișierelor"}},"copyright_text":"Copyright © 2016 Apple Inc. Toate drepturile rezervate."}