{"css":"","framework":"duck-10.0.0","title":"วิธีใช้เทอร์มินัล","build_id":"5748ce63094622ab1714cca2","icon":"..\/SharedGlobalArt\/AppIconDefault_Terminal.png","sections":{"trml6dee242c":{"name":"การใช้การทำงานอัตโนมัติและสคริปต์","children":["apd53500956-7C5B-496B-A362-2845F2AAB4BC","apdD100908F-06B3-4E63-8A87-32E71241BAB4","apdC6C1077B-5D5D-4D35-9C19-60F2397B2369","apdD556274B-9CC9-4764-BBA8-87610A745747","trml1003","trml11513"]},"trml2a13d2ad":{"name":"ทำงานในหน้าต่างเทอร์มินัล","children":["apd5265185D-F365-44CB-8B09-71A064A42125","apdB66B5242-0D18-49FC-9C47-A2498B7C91D5","apd3CF6FE02-3EC8-48F1-951F-866E52955FC8","apd1DBE647B-7E11-49DC-AA76-89AA7E53CE36","trml1001","trml106","trml15652"]},"trml2d2340ac":{"name":"ใช้โปรไฟล์","children":["trmlbe278009","trml5856b1f2","trmlb20c7888","trml107","trml20912","trml15233","trml4299c696"]}},"birdseed_version":5,"toc":["trml11412","trml2a13d2ad","trml2d2340ac","trml6dee242c","trmlshtcts"],"locale":"th","version":"10.12","enable_tracking":false,"source_schema":"apd-schema","platform":"mac","build_date":"2016.05.27-16:33:42","landing":"trml35501","product":"terminal","urls":{},"copyright":"","show_previous_next":false,"topics":{"apd53500956-7C5B-496B-A362-2845F2AAB4BC":{"name":"เกี่ยวกับเชลล์สคริปต์","searchName":"เกี่ยวกับเชลล์สคริปต์"},"trmlbe278009":{"name":"สร้างและจัดการโปรไฟล์"},"apdA3571AFE-48E3-4B52-BEC9-5D80327F2063":{"name":"การควบคุมตัวแปร NVRAM ของเฟิร์มแวร์"},"apd7D247A89-3560-4C3B-A471-3E66FF607040":{"name":"การเริ่มการทำงานคอมพิวเตอร์ใหม่"},"trml15233":{"name":"การจำกัดจำนวนแถวที่เก็บไว้ในเซสชั่น","searchName":"แก้ไขจำนวนข้อความที่เก็บไว้ในหน้าต่าง<b>เทอร์มินัล<\/b>"},"trml35501":{"name":"วิธีใช้เทอร์มินัล","href":"trml35501.html","categories":["landing"]},"apd5265185D-F365-44CB-8B09-71A064A42125":{"name":"เข้าถึงเชลล์","searchName":"เข้าถึงเชลล์โดยใช้แอพเทอร์มินัล"},"trmlb20c7888":{"name":"เปิดหน้าต่างและแถบ","searchName":"เปิดหน้าต่างและแถบเทอร์มินัล"},"trml15226":{"name":"การเปลี่ยนเคอร์เซอร์","searchName":"เปลี่ยนเคอร์เซอร์ใน<b>เทอร์มินัล<\/b>"},"apdB66B5242-0D18-49FC-9C47-A2498B7C91D5":{"name":"การดำเนินการคำสั่งและสั่งทำงานเครื่องมือ"},"trml6909054d":{"name":"ป้อนรหัสผ่านในหน้าต่างเทอร์มินัล","searchName":"ป้อนรหัสผ่านในเทอร์มินัล"},"trml4299c696":{"name":"นำเข้าและส่งออกโปรไฟล์","searchName":"นำเข้าและส่งออกการตั้งค่าเทอร์มินัล"},"trmlc69728a5":{"name":"อนุญาตการรายงานเมาส์","searchName":"เปิดการรายงานเมาส์ในเทอร์มินัล"},"trmlkbrd":{"name":"การตั้งค่าแป้นพิมพ์","searchName":"บานหน้าต่างแป้นพิมพ์ของการตั้งค่าโปรไฟล์ในเทอร์มินัล"},"trml20912":{"name":"การตั้งค่าการเตือนด้วยเสียงหรือภาพ","searchName":"ตั้งค่าการเตือนด้วยเสียงหรือภาพใน<b>เทอร์มินัล<\/b>"},"trml15228":{"name":"การเปลี่ยนชื่อเรื่องที่แสดงในหน้าต่างเทอร์มินัล"},"apdBC6514EB-E106-4415-94E6-E71192085BC5":{"name":"การดูเนื้อหาไฟล์"},"apd1DBE647B-7E11-49DC-AA76-89AA7E53CE36":{"name":"การส่งผ่านข้อมูลเข้าและข้อมูลออก"},"trml5856b1f2":{"name":"ระบุโปรไฟล์ค่าเริ่มต้นและโปรไฟล์เริ่มต้นระบบ"},"trml135fbc26":{"name":"ใช้เครื่องหมายและที่คั่นหน้า"},"apd8A205299-1C4C-4845-902A-6190E132B006":{"name":"การค้นหาข้อความในไฟล์"},"trml11412":{"name":"ภาพรวมเทอร์มินัล"},"trmld1f46097":{"name":"แสดงหรือซ่อนหน้าจอทางเลือก"},"trmlshll":{"name":"การตั้งค่าเชลล์","searchName":"บานหน้าต่างเชลล์ของการตั้งค่าโปรไฟล์ในเทอร์มินัล"},"trmlwindw":{"name":"การตั้งค่าหน้าต่าง","searchName":"บานหน้าต่างหน้าต่างของการตั้งค่าโปรไฟล์ในเทอร์มินัล"},"trmltxt":{"name":"การตั้งค่าข้อความ","searchName":"บานหน้าต่างข้อความของการตั้งค่าโปรไฟล์ในเทอร์มินัล"},"apdA49A1BB2-577E-4721-8F25-FFC0836F6997":{"name":"การแก้ไขรายการคุณสมบัติ"},"trml103":{"name":"การแสดงอักขระบิตสูง","searchName":"แสดงอักขระบิตสูงใน<b>เทอร์มินัล<\/b>"},"apdC6C1077B-5D5D-4D35-9C19-60F2397B2369":{"name":"การจัดการสคริปต์ด้วย launchd"},"trml104":{"name":"การส่งออกการตั้งค่าโปรไฟล์","searchName":"การส่งออกการตั้งค่า<b>เทอร์มินัล<\/b>"},"apd382CC5FA-4F58-4449-B20A-41C53C006F8F":{"name":"การใช้ตัวแปรสภาพแวดล้อม"},"trml106":{"name":"การลากไฟล์เข้าไปในเทอร์มินัลเพื่อระบุเส้นทาง"},"trml113":{"name":"เปลี่ยนเชลล์เริ่มต้น:","searchName":"เปลี่ยนเชลล์เริ่มต้นในเทอร์มินัล"},"trml107":{"name":"การเปลี่ยนลักษณะของหน้าต่างเทอร์มินัล"},"trmlstrtup":{"name":"การตั้งค่าทั่วไป","searchName":"การตั้งค่าทั่วไปในเทอร์มินัล"},"trml108":{"name":"การสร้างแป้นฟังก์ชั่นแบบกำหนดเอง","searchName":"สร้างแป้นฟังก์ชั่นแบบกำหนดเองในเทอร์มินัล"},"trml109":{"name":"ป้องกันการตรวจพบการกดแป้นพิมพ์ที่ไม่ต้องการ","searchName":"ป้องกันการตรวจพบการกดแป้นพิมพ์ที่ไม่ต้องการใน<b>เทอร์มินัล<\/b>"},"apdD556274B-9CC9-4764-BBA8-87610A745747":{"name":"การสั่งทำงานเชลล์สคริปต์ในเวลาที่ระบุเฉพาะ"},"trmlshtcts":{"name":"ปุ่มลัดแป้นพิมพ์","searchName":"ปุ่มลัดแป้นพิมพ์<b>เทอร์มินัล<\/b>"},"apd5B0B6259-A7D4-4435-947D-0DFF528912BA":{"name":"คำสั่งที่ต้องใช้รากหรือสิทธิ์ผู้ดูแล"},"trml11512":{"name":"การแก้ไขคำสั่งที่ใช้ก่อนหน้า","searchName":"แก้ไขคำสั่งที่ใช้ล่าสุดใน<b>เทอร์มินัล<\/b>"},"apd3CF6FE02-3EC8-48F1-951F-866E52955FC8":{"name":"การระบุไฟล์และโฟลเดอร์"},"trml1001":{"name":"การแก้ไขข้อผิดพลาดในการพิมพ์ให้ถูกต้อง","searchName":"แก้ไขข้อผิดพลาดในการพิมพ์ให้ถูกต้องใน<b>เทอร์มินัล<\/b>"},"trml11513":{"name":"การเรียกใช้สคริปต์ AppleScript จากเทอร์มินัล"},"apdDFB31307-3E90-432F-8AA7-7CBC05DB27F7":{"name":"การย้ายและคัดลอกไฟล์"},"trml15652":{"name":"ใช้กลุ่มหน้าต่าง","searchName":"เปิดกลุ่มหน้าต่างเทอร์มินัลโดยอัตโนมัติ"},"trml1003":{"name":"การทำงานโดยใช้ AppleScript โดยอัตโนมัติ"},"trmladvn":{"name":"การตั้งค่าขั้นสูง","searchName":"บานหน้าต่างขั้นสูงของการตั้งค่าโปรไฟล์ในเทอร์มินัล"},"trml35615":{"name":"หากเทอร์มินัลส่งเสียงบี๊บขณะที่คุณป้อน"},"apd0445A31B-28D0-4AD2-BC19-ABF64F36446B":{"name":"การเปลี่ยนดิสก์เริ่มต้นระบบของคอมพิวเตอร์ระยะไกล"},"trml1020":{"name":"การใช้คุณสมบัติการช่วยการเข้าถึง OS X"},"trmlencd":{"name":"การตั้งค่าการเข้ารหัส","searchName":"การตั้งค่าการเข้ารหัสในเทอร์มินัล"},"apdB02F1133-25AF-4C65-8976-159609F99817":{"name":"ตัวแก้ไขบรรทัดคำสั่งตัวอักษร","searchName":"ตัวแก้ไขบรรทัดคำสั่งตัวอักษรสำหรับ OS X Server"},"apd9369B225-34E9-41B4-BC23-53C44B01BC07":{"name":"การปิดเครื่องคอมพิวเตอร์"},"apdD100908F-06B3-4E63-8A87-32E71241BAB4":{"name":"การทำให้ไฟล์ดำเนินการได้"},"trmlwrkspc":{"name":"การตั้งค่ากลุ่มหน้าต่าง","searchName":"การตั้งค่ากลุ่มหน้าต่างในเทอร์มินัล"},"trml15220":{"name":"การเปิดใช้งานการเข้ารหัสอักขระสากล","searchName":"เปิดใช้งานการเข้ารหัสอักขระสากลใน<b>เทอร์มินัล<\/b>"},"trml1031":{"name":"การสร้างแถบในหน้าต่างเทอร์มินัล"},"trml1018":{"name":"การเชื่อมต่อไปยังเซิร์ฟเวอร์","searchName":"เชื่อมต่อไปยังเซิร์ฟเวอร์ใน<b>เทอร์มินัล<\/b>"},"trml1032":{"name":"การเปิดใช้งานการเข้ารหัสอักขระสากล","searchName":"เปิดใช้งานการเข้ารหัสอักขระสากลใน<b>เทอร์มินัล<\/b>"},"trml1019":{"name":"การคัดลอกข้อความลงในหน้าต่างเทอร์มินัล"},"apdFB88006C-67FB-4982-965E-2E1AF25CD739":{"name":"เกี่ยวกับการใช้บรรทัดคำสั่งแบบโต้ตอบ"},"trml1034":{"name":"การนำเข้าไฟล์การตั้งค่า","searchName":"นำเข้าไฟล์การตั้งค่า<b>เทอร์มินัล<\/b>"},"agi":{"name":"การใช้ปุ่มลัดเทอร์มินัล","searchName":"การใช้ปุ่มลัดเทอร์มินัลใน OS X"},"trmltab":{"name":"การตั้งค่าแถบ","searchName":"บานหน้าต่างแถบของการตั้งค่าโปรไฟล์ในเทอร์มินัล"},"apdC52250EE-4659-4751-9A3A-8B7988150530":{"name":"การบีบอัดและเลิกบีบอัดที่จัดเก็บไฟล์ถาวร"}},"copyright_text":"ลิขสิทธิ์ © 2016 Apple Inc.สงวนลิขสิทธิ์"}